Date;Test;Predict;error
2024-10-05 07:30:00;436.2778072727271;448.68417;-12.406366311257273
2024-10-05 07:45:00;382.5543159173751;489.0552;-106.50089038145302
2024-10-05 08:00:00;374.2493296969695;451.56866;-77.31933485381177
2024-10-05 08:15:00;359.6044079903145;441.89142;-82.28701046671677
2024-10-05 08:30:00;387.5348298906448;429.20865;-41.673818790995824
2024-10-05 08:45:00;359.2911682808708;449.31186;-90.02069084998857
2024-10-05 09:00:00;313.08920918984273;426.38977;-113.30056131796977
2024-10-05 09:15:00;328.4530060679612;383.88885;-55.43584891250754
2024-10-05 09:30:00;369.4522111650487;390.8091;-21.356901383779416
2024-10-05 09:45:00;351.1186492718448;424.50125;-73.38260194885834
2024-10-05 10:00:00;327.2533759124085;412.19202;-84.938640689154
2024-10-05 10:15:00;376.6442184466025;391.38315;-14.738929746756867
2024-10-05 10:30:00;376.40053688029127;431.1344;-54.73386253377123
2024-10-05 10:45:00;417.7135968523;436.4138;-18.70019098949689
2024-10-05 11:00:00;365.35767439024335;471.87592;-106.5182411371004
2024-10-05 11:15:00;376.7642242424244;434.16333;-57.399105835700595
2024-10-05 11:30:00;377.5421585956414;440.07394;-62.531785496155464
2024-10-05 11:45:00;424.6900715151511;441.97742;-17.28734547703641
2024-10-05 12:00:00;347.61089805825225;480.43396;-132.82306190268525
2024-10-05 12:15:00;309.01665206812703;420.35794;-111.3412886057011
2024-10-05 12:30:00;309.37389671932016;380.6708;-71.29691016544547
2024-10-05 12:45:00;325.5953252427186;375.96725;-50.37192939595326
2024-10-05 13:00:00;371.2739502427184;386.69727;-15.4233153822816
2024-10-05 13:15:00;329.4043203883498;423.6653;-94.26099333235334
2024-10-05 13:30:00;348.77567961165045;393.18076;-44.40507600358393
2024-10-05 13:45:00;384.812521791766;406.78082;-21.968300962140233
2024-10-05 14:00:00;375.970824455205;440.18848;-64.21765210729501
2024-10-05 14:15:00;480.65700243308913;437.74136;42.91563890769851
2024-10-05 14:30:00;405.8629200968522;525.7821;-119.91918439533532
2024-10-05 14:45:00;394.5483133514978;475.91214;-81.3638265410803
2024-10-05 15:00:00;0.0;461.91214;-461.9121398925781
2024-10-05 15:15:00;0.0;136.24846;-136.2484588623047
2024-10-05 15:30:00;0.0;92.37663;-92.37663269042969
2024-10-05 15:45:00;0.0;87.2601;-87.26010131835938
2024-10-05 16:00:00;0.0;75.47359;-75.47358703613281
2024-10-05 16:15:00;0.0;68.208015;-68.20801544189453
2024-10-05 16:30:00;0.0;67.97886;-67.9788589477539
2024-10-05 16:45:00;0.0;72.03495;-72.03495025634766
2024-10-05 17:00:00;0.0;77.596085;-77.59608459472656
2024-10-05 17:15:00;0.0;82.98636;-82.98635864257812
2024-10-05 17:30:00;0.0;87.43715;-87.43714904785156
2024-10-05 17:45:00;0.0;90.73716;-90.7371597290039
2024-10-05 18:00:00;428.8721604278068;92.96829;335.9038681914787
2024-10-05 18:15:00;395.11257785888114;438.96243;-43.849855002446986
2024-10-05 18:30:00;352.5756703163016;456.12;-103.54432480088587
2024-10-05 18:45:00;311.21925242718487;433.3369;-122.11766163531513
2024-10-05 19:00:00;330.8611856796118;405.97626;-75.11507164460693
2024-10-05 19:15:00;385.8435109223304;421.0825;-35.238978091341494
2024-10-05 19:30:00;331.1967798053524;464.94525;-133.74847165949137
2024-10-05 19:45:00;329.75227804878045;419.43253;-89.68024758598517
2024-10-05 20:00:00;327.39683678440866;407.93988;-80.54304358668509
2024-10-05 20:15:00;380.3465042424247;401.4494;-21.102897613044036
2024-10-05 20:30:00;401.9895212121212;440.9036;-38.914073758581935
2024-10-05 20:45:00;364.4300217917674;461.13635;-96.70633074729511
2024-10-05 21:00:00;366.7499744835964;431.69238;-64.94240832890358
2024-10-05 21:15:00;377.3700569007266;430.79758;-53.427520003570294
2024-10-05 21:30:00;407.7621015719456;440.0142;-32.25208910188252
2024-10-05 21:45:00;414.5223418181818;465.67343;-51.15108957830256
2024-10-05 22:00:00;324.1706699266503;473.9423;-149.77162133311532
2024-10-05 22:15:00;313.7266324062881;400.09302;-86.3663851718369
2024-10-05 22:30:00;320.6907466666665;382.60287;-61.91212808919289
2024-10-05 22:45:00;366.51579708384025;385.57388;-19.05808597280037
2024-10-05 23:00:00;317.5997858880774;421.21338;-103.6135930181726
2024-10-05 23:15:00;327.71188606060576;383.49622;-55.784329759706736
2024-10-05 23:30:00;361.9377881355938;387.5112;-25.573411815578083
2024-10-05 23:45:00;403.1681101694919;417.64987;-14.481761656679964
2024-10-06 00:00:00;429.2133325213145;455.91037;-26.697037351732376
2024-10-06 00:15:00;360.14519684082586;483.41187;-123.26666839354914
2024-10-06 00:30:00;357.82537712895424;431.64282;-73.81744513667076
2024-10-06 00:45:00;357.12763791008507;425.22653;-68.0988940723368
2024-10-06 01:00:00;411.61666424242327;424.28128;-12.664616275154856
2024-10-06 01:15:00;341.6181221281736;467.57513;-125.95701214917017
2024-10-06 01:30:00;325.58578864734346;413.1377;-87.55190666515654
2024-10-06 01:45:00;324.90816101694963;392.6067;-67.69852843617537
2024-10-06 02:00:00;331.67748004836744;389.70865;-58.03116863327318
2024-10-06 02:15:00;322.2589007263923;393.5241;-71.26520816032644
2024-10-06 02:30:00;369.3969478787883;384.9629;-15.565942746211704
2024-10-06 02:45:00;363.9988543689338;422.66934;-58.67048767208183
2024-10-06 03:00:00;365.34008363636303;423.39456;-58.05447813121509
2024-10-06 03:15:00;377.3662657766987;425.75568;-48.38941049283255
2024-10-06 03:30:00;387.79641626213584;437.7926;-49.996186276926665
2024-10-06 03:45:00;429.9473550724644;448.96283;-19.015474517379346
2024-10-06 04:00:00;373.8000772946862;485.93854;-112.13846030297003
2024-10-06 04:15:00;349.5057521263668;444.27808;-94.77232404550819
2024-10-06 04:30:00;310.12103757575795;419.33966;-109.2186230687733
2024-10-06 04:45:00;329.5248149939548;383.52817;-54.00335273065457
2024-10-06 05:00:00;383.5697339782354;393.27295;-9.703215240514623
2024-10-06 05:15:00;327.11937135922284;436.88828;-109.76890378726154
2024-10-06 05:30:00;327.1820181818187;393.7648;-66.58278284357192
2024-10-06 05:45:00;327.9248996372426;388.9155;-60.99059718892926
2024-10-06 06:00:00;387.3927617896021;390.31647;-2.9237054955541453
2024-10-06 06:15:00;396.3988472727268;439.6971;-43.29826576438256
2024-10-06 06:30:00;362.5343907766996;453.36313;-90.8287378854098
2024-10-06 06:45:00;365.3596807738821;428.16263;-62.80294739994605
2024-10-06 07:00:00;376.4149927184466;429.3362;-52.9212194397565
2024-10-06 07:15:00;434.1541464891034;439.50446;-5.350309077302825
2024-10-06 07:30:00;376.9128070388344;488.1999;-111.28708309788436
2024-10-06 07:45:00;327.9523898305085;446.13965;-118.18725860699152
2024-10-06 08:00:00;326.2174109090913;400.54974;-74.33233274325244
2024-10-06 08:15:00;326.63970944309887;393.8093;-67.16958621119801
2024-10-06 08:30:00;369.1336601941753;391.63293;-22.49927437613718
2024-10-06 08:45:00;317.2509066666674;424.14716;-106.89624909505136
2024-10-06 09:00:00;389.7737569866355;384.06088;5.712874418276101
2024-10-06 09:15:00;353.0189054545458;439.55328;-86.53437823686045
2024-10-06 09:30:00;399.36926123936826;417.12918;-17.75991966883487
2024-10-06 09:45:00;560.0365060679608;453.6291;106.40741671249202
2024-10-06 10:00:00;506.2490133819962;593.97473;-87.72571806331632
2024-10-06 10:15:00;526.2563002421297;567.8862;-41.62993022662033
2024-10-06 10:30:00;461.0763995157384;585.70404;-124.62764101160536
2024-10-06 10:45:00;461.9208555825253;536.6976;-74.77671521825596
2024-10-06 11:00:00;412.2407312348669;531.07544;-118.83470821825807
2024-10-06 11:15:00;358.2852645631076;486.07404;-127.78877108142365
2024-10-06 11:30:00;361.8453607748182;431.13034;-69.2849798013537
2024-10-06 11:45:00;413.7577016908205;423.6279;-9.870197479101364
2024-10-06 12:00:00;515.4691856796123;462.36356;53.10562977140921
2024-10-06 12:15:00;454.1052602905564;549.4371;-95.33181246334988
2024-10-06 12:30:00;422.4475422705311;509.36572;-86.91818038571893
2024-10-06 12:45:00;980.8873163636356;481.96115;498.9261652405887
2024-10-06 13:00:00;463.1422515114873;957.4941;-494.35182807835645
2024-10-06 13:15:00;494.0575980629529;576.89075;-82.83314900735962
2024-10-06 13:30:00;448.24301692865697;563.09064;-114.84762027837428
2024-10-06 13:45:00;516.8052736077475;528.85034;-12.045068189127505
2024-10-06 14:00:00;585.7758450363208;573.9513;11.824551091008288
2024-10-06 14:15:00;548.5264448484853;629.36914;-80.84269577651469
2024-10-06 14:30:00;760.2124195888748;600.33563;159.87678726465606
2024-10-06 14:45:00;669.65058060606;778.7865;-109.13591841737752
2024-10-06 15:00:00;677.1929041262132;725.94055;-48.74764763159931
2024-10-06 15:15:00;855.5633087167059;731.5238;124.03950500576843
2024-10-06 15:30:00;716.3208557575772;890.7591;-174.43823848070406
2024-10-06 15:45:00;747.2888958837781;789.8152;-42.52628966309692
2024-10-06 16:00:00;726.0335369696959;805.93304;-79.89950746389786
2024-10-06 16:15:00;747.5912808716711;788.9273;-41.336026257235176
2024-10-06 16:30:00;741.9291672727268;801.5875;-59.65835714133573
2024-10-06 16:45:00;770.5378387878787;794.26117;-23.72333064571501
2024-10-06 17:00:00;775.8921648484862;815.42926;-39.53709540542002
2024-10-06 17:15:00;731.6933002421329;821.0501;-89.35680962114839
2024-10-06 17:30:00;728.4040569007253;782.75214;-54.34807932974343
2024-10-06 17:45:00;697.3110109090917;775.3221;-78.01107161043956
2024-10-06 18:00:00;721.9287651331726;746.40155;-24.472785159796103
2024-10-06 18:15:00;718.4788848484848;762.5515;-44.07262882339023
2024-10-06 18:30:00;680.0200194174769;759.8261;-79.80609142236688
2024-10-06 18:45:00;684.8308099273617;725.52563;-40.694824838263344
2024-10-06 19:00:00;591.7274909090908;726.0221;-134.29460381747174
2024-10-06 19:15:00;387.2753002421314;645.6549;-258.3796069844311
2024-10-06 19:30:00;384.358345828295;460.4466;-76.08824840998625
2024-10-06 19:45:00;377.4164166666653;434.5541;-57.1376909993503
2024-10-06 20:00:00;369.4003713592234;422.13553;-52.73515720522971
2024-10-06 20:15:00;393.515042424242;407.9434;-14.428347468336142
2024-10-06 20:30:00;385.6187158403864;425.06253;-39.44381467719171
2024-10-06 20:45:00;356.5867717391312;423.01205;-66.42528270422815
2024-10-06 21:00:00;329.44817654171754;403.1864;-73.73822482546996
2024-10-06 21:15:00;335.6289433051873;383.32166;-47.692711968250194
2024-10-06 21:30:00;380.922846246973;389.73993;-8.817082952245755
2024-10-06 21:45:00;325.9129698067629;430.0275;-104.11452653112775
2024-10-06 22:00:00;321.8314786845312;390.62436;-68.79288044632818
2024-10-06 22:15:00;305.084388619855;384.08572;-79.0013352570981
2024-10-06 22:30:00;359.93102653799724;371.17374;-11.242710034268384
2024-10-06 22:45:00;377.2793922518157;414.90253;-37.62313460365306
2024-10-06 23:00:00;363.8567587454767;434.39853;-70.54177030725765
2024-10-06 23:15:00;375.2102772397095;426.2372;-51.02693589505611
2024-10-06 23:30:00;396.77477118644094;436.45367;-39.678903129965306
2024-10-06 23:45:00;423.3393683574876;457.00333;-33.66395805852801
2024-10-07 00:00:00;376.1635084951458;482.061;-105.8974961435261
2024-10-07 00:15:00;323.76230834341;446.26364;-122.50133301401189
2024-10-07 00:30:00;308.056131483715;398.60477;-90.54863536198815
2024-10-07 00:45:00;308.03743478260856;379.2748;-71.23737600840707
2024-10-07 01:00:00;384.7495301932368;374.72;10.029528972533683
2024-10-07 01:15:00;353.5794673913051;434.81476;-81.23529090947613
2024-10-07 01:30:00;327.07282224909324;414.72546;-87.65264161809426
2024-10-07 01:45:00;329.3270398069962;391.0348;-61.7077502320663
2024-10-07 02:00:00;381.2432285368805;392.12662;-10.883388894760117
2024-10-07 02:15:00;416.57131680773824;435.97928;-19.407961756714883
2024-10-07 02:30:00;380.8141108433724;470.54163;-89.72751513319008
2024-10-07 02:45:00;357.6451787439613;445.9247;-88.27953439080432
2024-10-07 03:00:00;360.9536840193711;425.48618;-64.53249151773826
2024-10-07 03:15:00;403.7846340579707;426.8282;-23.04355197718553
2024-10-07 03:30:00;383.51381090908967;461.79303;-78.27921887606658
2024-10-07 03:45:00;326.44350181378417;447.84546;-121.40195717059083
2024-10-07 04:00:00;321.80529782082414;398.27988;-76.47457888816024
2024-10-07 04:15:00;332.5478458737865;388.47714;-55.92929646019786
2024-10-07 04:30:00;353.6465133171914;395.3159;-41.669374133980455
2024-10-07 04:45:00;551.8926065375308;411.72174;140.17086581487456
2024-10-07 05:00:00;940.0842672566376;578.0279;362.0563741902314
2024-10-07 05:15:00;2092.3679012345697;928.3539;1164.0140193986322
2024-10-07 05:30:00;793.3813038674041;1988.1997;-1194.818403163846
2024-10-07 05:45:00;788.5501799100452;1023.2541;-234.7039094454235
2024-10-07 06:00:00;851.9631701093559;923.9167;-71.95351690236282
2024-10-07 06:15:00;848.8697815533982;976.175;-127.30520623957057
2024-10-07 06:30:00;1371.332812121214;944.5106;426.8221920040264
2024-10-07 06:45:00;1335.2077903030304;1379.0796;-43.87179954071962
2024-10-07 07:00:00;1625.6728000000012;1381.2648;244.4080294921887
2024-10-07 07:15:00;2466.0643192261173;1663.3901;802.6741825073673
2024-10-07 07:30:00;2250.166987893466;2475.074;-224.90698671590917
2024-10-07 07:45:00;2713.916786924943;2390.328;323.58890606556815
2024-10-07 08:00:00;4668.642584447143;2852.5938;1816.0488344471432
2024-10-07 08:15:00;3354.715268529773;4433.5303;-1078.8150049077271
2024-10-07 08:30:00;4530.303644768859;3457.9536;1072.3500314876092
2024-10-07 08:45:00;3556.9191030303064;4474.088;-917.1687875946936
2024-10-07 09:00:00;3881.7509841849137;3657.5134;224.2375564505387
2024-10-07 09:15:00;3819.537;3963.4521;-143.9151484375002
2024-10-07 09:30:00;3542.948085574569;3850.6372;-307.6891214566808
2024-10-07 09:45:00;2869.339435679613;3609.3481;-740.008708851637
2024-10-07 10:00:00;2805.028161997566;3020.4087;-215.3805294086842
2024-10-07 10:15:00;3471.845780339811;2931.4417;540.404129949186
2024-10-07 10:30:00;4589.463151699032;3456.852;1132.611100917782
2024-10-07 10:45:00;4014.9642518248143;4278.527;-263.56260364393574
2024-10-07 11:00:00;3315.888668689318;3854.156;-538.2673371700571
2024-10-07 11:15:00;3712.817567272728;3398.251;314.56659071022796
2024-10-07 11:30:00;4211.536016969693;3739.2725;472.26355603219326
2024-10-07 11:45:00;3844.461408484842;4081.86;-237.3986989370328
2024-10-07 12:00:00;4093.438151331713;3785.5203;307.917887659838
2024-10-07 12:15:00;3918.375479368941;4020.9067;-102.53125891230911
2024-10-07 12:30:00;3631.803168280874;3868.0632;-236.26006414100084
2024-10-07 12:45:00;4030.440066505439;3653.5605;376.87951963043906
2024-10-07 13:00:00;3682.067920096851;3968.0815;-286.01362287189886
2024-10-07 13:15:00;3873.745009685234;3659.5234;214.22157218523398
2024-10-07 13:30:00;3705.6674510278;3834.5808;-128.91335951907513
2024-10-07 13:45:00;3803.276067878781;3681.6604;121.61566748815585
2024-10-07 14:00:00;3747.032820606068;3768.4626;-21.42982587830693
2024-10-07 14:15:00;3815.86266504264;3713.8984;101.96422754263995
2024-10-07 14:30:00;3547.944881499399;3772.8818;-224.9369544381011
2024-10-07 14:45:00;3428.5896638349523;3553.2114;-124.62176194629774
2024-10-07 15:00:00;3453.520651275822;3462.1082;-8.58750302105318
2024-10-07 15:15:00;2817.0808652912706;3470.9763;-653.8954530681044
2024-10-07 15:30:00;3620.476282766996;2911.7285;708.7477671419961
2024-10-07 15:45:00;2573.1605430303043;3588.8933;-1015.7327675165707
2024-10-07 16:00:00;1666.1688203883543;2653.3933;-987.2244901585207
2024-10-07 16:15:00;1436.1117200000026;1798.9038;-362.7920885937474
2024-10-07 16:30:00;1338.4822284325635;1509.0018;-170.519602622124
2024-10-07 16:45:00;1317.1276395631055;1358.6531;-41.525436608769496
2024-10-07 17:00:00;1219.0209042424228;1269.2778;-50.25692778882717
2024-10-07 17:15:00;1807.4116589805824;1132.4686;674.9430310508949
2024-10-07 17:30:00;1356.979996363636;1662.2572;-305.2772057848015
2024-10-07 17:45:00;1137.1681956257614;1301.9927;-164.82448015548857
2024-10-07 18:00:00;1287.30418280872;1113.1498;174.15440253528254
2024-10-07 18:15:00;943.2878193939384;1263.6558;-320.36794232481157
2024-10-07 18:30:00;446.6060957575758;970.3846;-523.7784867619555
2024-10-07 18:45:00;373.8819939613519;497.9618;-124.0797980308356
2024-10-07 19:00:00;367.1724624697337;389.16547;-21.993003838860034
2024-10-07 19:15:00;404.7404099153571;371.81717;32.92324072590395
2024-10-07 19:30:00;355.3612905569001;387.28864;-31.927344697006163
2024-10-07 19:45:00;357.2438464328898;343.5399;13.70395995828045
2024-10-07 20:00:00;386.44489575757626;349.34738;37.09751416577939
2024-10-07 20:15:00;311.34046852300185;388.6497;-77.30922019770128
2024-10-07 20:30:00;310.9436759371224;344.5667;-33.62303548865884
2024-10-07 20:45:00;310.0447946537051;350.76788;-40.72308864707617
2024-10-07 21:00:00;369.8738371810449;359.6577;10.216122337294905
2024-10-07 21:15:00;408.75751699029126;414.8991;-6.141591896427485
2024-10-07 21:30:00;381.2176218181825;457.23062;-76.0129995197081
2024-10-07 21:45:00;382.0436670716889;443.15015;-61.1064794126861
2024-10-07 22:00:00;398.1956077953717;445.86554;-47.66993175540955
2024-10-07 22:15:00;412.9068526570048;461.98474;-49.07788855393272
2024-10-07 22:30:00;357.99550845410624;476.3566;-118.36108944628438
2024-10-07 22:45:00;354.31170084439094;431.85382;-77.54211995639031
2024-10-07 23:00:00;315.44935265700417;422.55963;-107.11027869065208
2024-10-07 23:15:00;326.96580629539943;388.0034;-61.03758115577244
2024-10-07 23:30:00;360.2012684401446;390.95764;-30.756373161417912
2024-10-07 23:45:00;385.0186859903378;416.86935;-31.85066825770906
2024-10-08 00:00:00;328.595196840827;439.17154;-110.57634246581364
2024-10-08 00:15:00;309.68172946859926;395.6021;-85.92038234780699
2024-10-08 00:30:00;335.28469119420987;376.14774;-40.863044401493255
2024-10-08 00:45:00;384.0828816425124;396.05365;-11.970768259831345
2024-10-08 01:00:00;427.5870229468602;438.21036;-10.623334719155423
2024-10-08 01:15:00;394.4386284680345;479.0576;-84.61895820188738
2024-10-08 01:30:00;378.5525634824662;457.98288;-79.43031615620566
2024-10-08 01:45:00;384.14261426844;444.5963;-60.45369920812249
2024-10-08 02:00:00;418.3807560386473;449.16016;-30.77940021135271
2024-10-08 02:15:00;355.44404830917864;477.71222;-122.26817092910261
2024-10-08 02:30:00;326.51341112454685;427.61646;-101.10304395357815
2024-10-08 02:45:00;327.2565187424424;396.57834;-69.3218198806045
2024-10-08 03:00:00;331.6828130277441;392.751;-61.068194052334036
2024-10-08 03:15:00;341.1633385731555;393.90875;-52.74541386825075
2024-10-08 03:30:00;361.1162070217912;400.0603;-38.94409571258382
2024-10-08 03:45:00;313.3482019347033;416.85193;-103.5037267762342
2024-10-08 04:00:00;367.0410701330112;380.0723;-13.031226009566922
2024-10-08 04:15:00;361.4368847087378;421.16904;-59.73215215649657
2024-10-08 04:30:00;476.2611069258812;422.61588;53.6452316817406
2024-10-08 04:45:00;875.5115660606064;518.69464;356.8169249473251
2024-10-08 05:00:00;1827.4489320388363;869.1954;958.2535585036801
2024-10-08 05:15:00;973.295939189188;1746.4854;-773.189412373312
2024-10-08 05:30:00;998.032404553415;1143.7751;-145.74274193096005
2024-10-08 05:45:00;2102.7788869257965;1127.178;975.6009084101715
2024-10-08 06:00:00;1943.5657899461391;2132.7864;-189.22058700698585
2024-10-08 06:15:00;1453.697232164447;2081.174;-627.4768401011779
2024-10-08 06:30:00;2199.1318969697;1668.5424;530.5895385712624
2024-10-08 06:45:00;2640.175802902057;2313.4873;326.68849821455706
2024-10-08 07:00:00;2486.547483636361;2739.6096;-253.062135504264
2024-10-08 07:15:00;2897.2894322033862;2644.2327;253.05676618776124
2024-10-08 07:30:00;3316.17631355932;3018.9758;297.2004834811951
2024-10-08 07:45:00;3287.7782985436897;3384.1074;-96.32912333131026
2024-10-08 08:00:00;2889.3379745145658;3375.2185;-485.88053134480924
2024-10-08 08:15:00;3569.3158157575854;3049.6357;519.6800735700854
2024-10-08 08:30:00;2771.168755771565;3608.9702;-837.801459072185
2024-10-08 08:45:00;2669.028924939465;2904.7888;-235.75989341991
2024-10-08 09:00:00;2891.9772174969607;2808.069;83.90812570008575
2024-10-08 09:15:00;2522.330674334142;2974.1074;-451.7767475408582
2024-10-08 09:30:00;2212.6520048484854;2615.0454;-402.3934053077646
2024-10-08 09:45:00;2061.3330996354784;2307.9346;-246.60147067702155
2024-10-08 10:00:00;1971.9545771567416;2135.1028;-163.1482060463834
2024-10-08 10:15:00;2638.4125449029148;2017.692;620.7205283013523
2024-10-08 10:30:00;3673.13468484848;2606.8787;1066.256022739105
2024-10-08 10:45:00;2933.1737068126536;3502.48;-569.3062736560964
2024-10-08 11:00:00;2178.1364598540144;2950.68;-772.5434717866106
2024-10-08 11:15:00;2782.4152827669927;2344.0256;438.38964800136773
2024-10-08 11:30:00;2975.281585454544;2875.5437;99.7378842826688
2024-10-08 11:45:00;2750.2706387878857;3021.876;-271.6053377746143
2024-10-08 12:00:00;3745.3820425273375;2825.5525;919.8295522929625
2024-10-08 12:15:00;3115.700596597799;3673.1055;-557.4048721522008
2024-10-08 12:30:00;2595.2475321992715;3151.6821;-556.4345967069785
2024-10-08 12:45:00;2857.8849914945235;2741.7883;116.09666141639855
2024-10-08 13:00:00;3923.452359223298;2958.8787;964.5736971139231
2024-10-08 13:15:00;3533.610514527835;3814.5923;-280.9817706284148
2024-10-08 13:30:00;3726.1817276029087;3483.7896;242.39217682165872
2024-10-08 13:45:00;4120.105960096733;3708.4036;411.7023956436078
2024-10-08 14:00:00;4268.638000000002;4020.6868;247.95123242187674
2024-10-08 14:15:00;3753.661831310679;4136.605;-382.9431491580708
2024-10-08 14:30:00;3241.939424757285;3759.4922;-517.552762742715
2024-10-08 14:45:00;3183.492396111774;3362.9526;-179.46024060697619
2024-10-08 15:00:00;3214.9054024242428;3291.4714;-76.56603312263223
2024-10-08 15:15:00;2818.052916160391;3273.9814;-455.92852915210915
2024-10-08 15:30:00;2556.4249075425737;2898.5098;-342.0848580824263
2024-10-08 15:45:00;2163.577213592233;2644.8914;-481.31414382964203
2024-10-08 16:00:00;1910.3558068459668;2253.7803;-343.42446659153325
2024-10-08 16:15:00;1624.2700109356017;1972.5654;-348.2954187518983
2024-10-08 16:30:00;1587.569587591246;1655.443;-67.87340557281641
2024-10-08 16:45:00;1577.4025540704697;1572.7261;4.676479851719705
2024-10-08 17:00:00;1434.5812973300951;1533.9294;-99.34814602927986
2024-10-08 17:15:00;1425.1935605326842;1384.8092;40.38435643112166
2024-10-08 17:30:00;1462.6444387878803;1369.417;93.22744660038029
2024-10-08 17:45:00;1469.3548919902903;1414.2051;55.1498138652903
2024-10-08 18:00:00;1971.6767587878787;1438.6663;533.0104990222537
2024-10-08 18:15:00;1146.7631316425116;1925.6646;-778.9014191387384
2024-10-08 18:30:00;919.4188288834944;1230.6136;-311.19481857744313
2024-10-08 18:45:00;922.336349514565;969.74585;-47.40950009481003
2024-10-08 19:00:00;639.0727439320377;954.13745;-315.0647072398373
2024-10-08 19:15:00;383.011818621523;676.5756;-293.56380393707076
2024-10-08 19:30:00;381.8972342232999;405.4697;-23.57246182162197
2024-10-08 19:45:00;415.3760872727272;372.77917;42.596912468039704
2024-10-08 20:00:00;359.8792623941956;393.5422;-33.662943416351254
2024-10-08 20:15:00;315.0371151515156;346.01825;-30.981134360203157
2024-10-08 20:30:00;317.42377966101697;312.03842;5.38535803015759
2024-10-08 20:45:00;330.1663684848487;324.40283;5.763536453598704
2024-10-08 21:00:00;381.393677146312;349.295;32.0986637185776
2024-10-08 21:15:00;340.89295636363545;405.25656;-64.36360491566143
2024-10-08 21:30:00;386.93607263922553;387.9697;-1.0336234056963463
2024-10-08 21:45:00;427.10768599033736;432.1568;-5.049113326068891
2024-10-08 22:00:00;479.9114387878796;477.19138;2.7200630554577288
2024-10-08 22:15:00;415.680668280872;530.51843;-114.8377643363155
2024-10-08 22:30:00;404.772557971014;486.9601;-82.18755555437662
2024-10-08 22:45:00;405.7026646489102;474.8545;-69.15182753858983
2024-10-08 23:00:00;428.4253131801692;474.6569;-46.23157768897141
2024-10-08 23:15:00;436.23474516908186;491.31326;-55.07851777037126
2024-10-08 23:30:00;384.567891304347;497.29178;-112.72388726010615
2024-10-08 23:45:00;376.1818214716528;453.30005;-77.11822735647218
2024-10-09 00:00:00;372.9366581818177;440.21954;-67.28288527521357
2024-10-09 00:15:00;403.31757384987935;435.0539;-31.736320193089398
2024-10-09 00:30:00;380.3811402660224;457.9736;-77.59246202889949
2024-10-09 00:45:00;382.1489167671904;440.5635;-58.4145903128877
2024-10-09 01:00:00;412.9663406060607;439.96985;-27.003508026751774
2024-10-09 01:15:00;460.7596364734292;466.42902;-5.669379639852025
2024-10-09 01:30:00;469.2318091787441;510.05948;-40.82766958102155
2024-10-09 01:45:00;420.28405917874494;523.57495;-103.29089199313006
2024-10-09 02:00:00;419.494188178529;486.35965;-66.86546147967414
2024-10-09 02:15:00;400.6312978208227;482.89203;-82.26073098777107
2024-10-09 02:30:00;409.73910628019394;466.77167;-57.03256120027481
2024-10-09 02:45:00;354.1287729468596;470.66113;-116.53235986564039
2024-10-09 03:00:00;354.845981840194;422.984;-68.13802694886851
2024-10-09 03:15:00;370.7679335748796;416.25864;-45.4907028997298
2024-10-09 03:30:00;371.6290556227328;427.62967;-56.00061356672035
2024-10-09 03:45:00;416.8076099033818;428.34616;-11.538550985290101
2024-10-09 04:00:00;440.0722922705319;465.89185;-25.819553432593125
2024-10-09 04:15:00;408.4354140435849;491.0126;-82.57718971618073
2024-10-09 04:30:00;409.4551027811362;469.69904;-60.24393286339506
2024-10-09 04:45:00;421.01938619854633;470.28787;-49.268486115906796
2024-10-09 05:00:00;2316.101070303029;481.31625;1834.7848166409194
2024-10-09 05:15:00;1357.6258329297823;2118.0957;-760.4698701952177
2024-10-09 05:30:00;1214.3572869249404;1487.9846;-273.62733221568465
2024-10-09 05:45:00;1154.406608748484;1384.6405;-230.2338941812036
2024-10-09 06:00:00;1117.8156354799498;1326.5359;-208.72025319192517
2024-10-09 06:15:00;2567.013103155342;1263.1095;1303.9036060850294
2024-10-09 06:30:00;2188.057746070134;2545.2883;-357.2305840079912
2024-10-09 06:45:00;2381.071619854721;2303.712;77.35970579222112
2024-10-09 07:00:00;2741.8300667475764;2532.3452;209.48485190382644
2024-10-09 07:15:00;2928.831617149752;2882.2368;46.59480074350222
2024-10-09 07:30:00;2856.345570909093;3064.6245;-208.2789408096569
2024-10-09 07:45:00;2671.4148573170683;3013.3123;-341.89739854230675
2024-10-09 08:00:00;3094.601341849144;2845.403;249.19826567726886
2024-10-09 08:15:00;3212.513166666668;3190.5945;21.918684244792985
2024-10-09 08:30:00;3645.8429902794633;3270.6294;375.21359574821327
2024-10-09 08:45:00;3612.4106537059592;3629.65;-17.23924863779075
2024-10-09 09:00:00;3383.20036330498;3606.5605;-223.36018357002013
2024-10-09 09:15:00;3773.401385454544;3442.3547;331.0466491264192
2024-10-09 09:30:00;2098.331584242419;3764.779;-1666.447468491956
2024-10-09 09:45:00;1673.6517854545446;2299.6843;-626.0325407173304
2024-10-09 10:00:00;2022.39450849514;1825.8187;196.57578290920242
2024-10-09 10:15:00;2890.36056553398;2113.3367;777.0238956121052
2024-10-09 10:30:00;4037.7730255164047;2841.5217;1196.2512970007797
2024-10-09 10:45:00;2435.0891561743306;3768.5986;-1333.5094766381694
2024-10-09 11:00:00;3041.0622964763056;2500.2969;540.7654214763056
2024-10-09 11:15:00;4368.2926820388375;3099.994;1268.2987855544625
2024-10-09 11:30:00;4254.515886998788;4167.6206;86.89528153003812
2024-10-09 11:45:00;3368.8802588092285;4072.6711;-703.7908837688965
2024-10-09 12:00:00;3274.869366504844;3466.9963;-192.12697138578096
2024-10-09 12:15:00;3393.115457627121;3414.3179;-21.20241346662897
2024-10-09 12:30:00;3563.680577156744;3471.321;92.35953223486922
2024-10-09 12:45:00;3284.2348349514573;3572.1567;-287.9219033297927
2024-10-09 13:00:00;3367.100193195624;3322.4507;44.64950960187389
2024-10-09 13:15:00;4768.755024301338;3394.817;1373.9381297700884
2024-10-09 13:30:00;3075.5099672330125;4460.6245;-1385.1145444857375
2024-10-09 13:45:00;3491.367766707176;3094.5469;396.8208917071761
2024-10-09 14:00:00;3372.4815188335374;3555.2751;-182.7936276508376
2024-10-09 14:15:00;3325.269379854376;3414.7104;-89.44106936437402
2024-10-09 14:30:00;3124.3348009708766;3363.9658;-239.63101934162341
2024-10-09 14:45:00;3225.896586666672;3180.5308;45.36582494792219
2024-10-09 15:00:00;2934.7969159561544;3258.3093;-323.5124102157206
2024-10-09 15:15:00;1987.9980230303036;2993.4268;-1005.4287347821964
2024-10-09 15:30:00;1841.7016945454568;2124.6992;-282.9975242045432
2024-10-09 15:45:00;1843.6069587878771;1927.7588;-84.15183027462285
2024-10-09 16:00:00;1294.914430825241;1887.4664;-592.5519998388215
2024-10-09 16:15:00;1152.936331713242;1313.4318;-160.4954309820705
2024-10-09 16:30:00;904.3992512135922;1109.662;-205.26273609109535
2024-10-09 16:45:00;989.6923563636368;849.7083;139.98404337535555
2024-10-09 17:00:00;1099.2909744835945;894.01086;205.28011022578198
2024-10-09 17:15:00;1000.2957305825236;990.6173;9.67842101221106
2024-10-09 17:30:00;954.9341286407772;919.1934;35.74070823062095
2024-10-09 17:45:00;981.5760450121626;899.20844;82.36760995356883
2024-10-09 18:00:00;961.9172445255468;948.148;13.769234271640585
2024-10-09 18:15:00;937.8291293833154;955.7023;-17.873141124497124
2024-10-09 18:30:00;924.6843648484852;950.4662;-25.78182167495231
2024-10-09 18:45:00;952.7658740920087;949.3478;3.418095771696244
2024-10-09 19:00:00;977.0056690997576;980.925;-3.919318693211153
2024-10-09 19:15:00;976.663059538276;1009.86993;-33.20687454375525
2024-10-09 19:30:00;974.9052548543688;1016.0144;-41.10914944250624
2024-10-09 19:45:00;969.529764563107;1018.1879;-48.6581626829867
2024-10-09 20:00:00;824.8087922235717;1015.52563;-190.7168425420533
2024-10-09 20:15:00;490.4812860606068;886.6689;-396.18759821673694
2024-10-09 20:30:00;438.2988099273608;575.52014;-137.22133167420168
2024-10-09 20:45:00;422.10263669501904;489.67087;-67.56823122490283
2024-10-09 21:00:00;410.74744860943207;459.25543;-48.50798351947418
2024-10-09 21:15:00;375.1685799031469;433.58478;-58.416197928884344
2024-10-09 21:30:00;429.3995677966108;395.28314;34.116425706767075
2024-10-09 21:45:00;388.08340556900674;438.59366;-50.51025287825888
2024-10-09 22:00:00;371.8690712560394;415.20715;-43.338082064273124
2024-10-09 22:15:00;355.8657061668682;406.7063;-50.84059266125678
2024-10-09 22:30:00;354.6005042219543;400.37253;-45.77202385421759
2024-10-09 22:45:00;362.8888995157387;404.04105;-41.15214662683945
2024-10-09 23:00:00;447.1562200725512;414.92508;32.23114072684808
2024-10-09 23:15:00;491.2595236363626;488.75766;2.5018637242532122
2024-10-09 23:30:00;448.8513426150122;536.90405;-88.05271011936281
2024-10-09 23:45:00;427.20514510278105;510.91647;-83.71132828589083
2024-10-10 00:00:00;420.73714441747626;493.5456;-72.80844884424249
2024-10-10 00:15:00;418.0027983091781;487.87012;-69.8673188783219
2024-10-10 00:30:00;460.92421739130486;483.74487;-22.820655655570135
2024-10-10 00:45:00;404.1453913043475;516.8936;-112.74822441830872
2024-10-10 01:00:00;362.53095772946807;471.5086;-108.97764822756318
2024-10-10 01:15:00;385.1430326876518;430.22812;-45.08508620883259
2024-10-10 01:30:00;434.110194209892;443.60446;-9.494267460029903
2024-10-10 01:45:00;389.6084009661839;484.33;-94.7215856060817
2024-10-10 02:00:00;378.64314631197055;450.68326;-72.04011174467007
2024-10-10 02:15:00;356.8861765417174;438.01047;-81.12429098757946
2024-10-10 02:30:00;359.14197939393955;419.69284;-60.550861182232325
2024-10-10 02:45:00;412.8940120772948;419.28412;-6.3901065750489465
2024-10-10 03:00:00;460.3471281741243;463.44104;-3.0939118649382067
2024-10-10 03:15:00;464.8198464328893;508.077;-43.2571494167201
2024-10-10 03:30:00;423.3413228536876;518.56525;-95.22392372834366
2024-10-10 03:45:00;426.0351535671104;488.0499;-62.014742673123976
2024-10-10 04:00:00;454.7082618181802;488.86896;-34.160695701351074
2024-10-10 04:15:00;448.7081757575758;513.3488;-64.64064016039293
2024-10-10 04:30:00;403.7604290909098;509.98468;-106.22425108487147
2024-10-10 04:45:00;374.56185714285726;470.95944;-96.39758499581461
2024-10-10 05:00:00;363.2574987864084;441.24796;-77.99045653585722
2024-10-10 05:15:00;527.8731997578695;427.0334;100.83981352740079
2024-10-10 05:30:00;1284.2872848484858;560.9572;723.330070493017
2024-10-10 05:45:00;1372.0862503037677;1222.205;149.88129424908016
2024-10-10 06:00:00;865.4290267314705;1390.8011;-525.372120729467
2024-10-10 06:15:00;1681.667551094885;1013.48303;668.1845188683226
2024-10-10 06:30:00;2850.3894588377702;1719.1425;1131.2470027830827
2024-10-10 06:45:00;2660.0257139393907;2837.6804;-177.6547059824843
2024-10-10 07:00:00;3628.341656934299;2820.118;808.223737012424
2024-10-10 07:15:00;4240.958740920103;3709.1472;531.8115241232281
2024-10-10 07:30:00;4022.693952669899;4208.9062;-186.21229733010114
2024-10-10 07:45:00;5607.757013349522;4078.1562;1529.600763349522
2024-10-10 08:00:00;6206.489228710444;5190.6406;1015.848603710444
2024-10-10 08:15:00;5628.817058252442;5484.2383;144.5787770024417
2024-10-10 08:30:00;5105.810458080181;5208.133;-102.32235441981902
2024-10-10 08:45:00;5214.330056969691;4949.1646;265.1655061884412
2024-10-10 09:00:00;4944.730279465395;5010.57;-65.83954475335486
2024-10-10 09:15:00;5135.427120437951;4756.8486;378.5784876254511
2024-10-10 09:30:00;3960.855741818174;4882.6094;-921.753633181826
2024-10-10 09:45:00;3530.7989137302525;3964.0159;-433.2169554103725
2024-10-10 10:00:00;2728.3398545454534;3663.8345;-935.4946181107966
2024-10-10 10:15:00;3272.597850546779;2911.4714;361.1264149999038
2024-10-10 10:30:00;5434.015249695495;3330.456;2103.559195007995
2024-10-10 10:45:00;4524.098753640777;4859.128;-335.02917604672257
2024-10-10 11:00:00;4617.653675182491;4147.1943;470.4593392449906
2024-10-10 11:15:00;4955.222941676791;4443.589;511.6340744892914
2024-10-10 11:30:00;4997.4843406060645;4678.5176;318.9667624810645
2024-10-10 11:45:00;4730.367025516406;4708.43;21.936849735156102
2024-10-10 12:00:00;4908.540582926834;4544.8013;363.73931339558385
2024-10-10 12:15:00;5061.829572992705;4692.104;369.7255690864549
2024-10-10 12:30:00;4936.433323995124;4770.6084;165.82492555762383
2024-10-10 12:45:00;5107.673304506709;4681.6323;426.0409802879594
2024-10-10 13:00:00;4761.325777372255;4817.469;-56.14346090899471
2024-10-10 13:15:00;4935.187479368929;4557.0425;378.1449989001794
2024-10-10 13:30:00;4931.042398058241;4708.568;222.4745269644909
2024-10-10 13:45:00;5212.36919174757;4671.7393;540.6299339350699
2024-10-10 14:00:00;5500.476176184685;4872.1973;628.2789105596848
2024-10-10 14:15:00;5829.402197575761;5049.971;779.4310061695114
2024-10-10 14:30:00;6325.364591737543;5271.1733;1054.1912518937934
2024-10-10 14:45:00;5423.309928398066;5587.374;-164.0640950394336
2024-10-10 15:00:00;4429.66197688566;5024.532;-594.8702496768401
2024-10-10 15:15:00;4003.2443459196143;4433.52;-430.27567361163574
2024-10-10 15:30:00;2877.691588092345;4100.4194;-1222.7278455014052
2024-10-10 15:45:00;2644.931515225338;3087.1565;-442.224978915287
2024-10-10 16:00:00;2500.432029161601;2823.4468;-323.0147481821491
2024-10-10 16:15:00;3388.6188481166537;2613.0325;775.5863774135287
2024-10-10 16:30:00;1974.429362089918;3325.6218;-1351.192464081957
2024-10-10 16:45:00;1582.0780304506666;2028.774;-446.6960174008959
2024-10-10 17:00:00;1174.150162424242;1611.8402;-437.6900475366956
2024-10-10 17:15:00;1126.4036674786844;1195.9531;-69.54945752131562
2024-10-10 17:30:00;1148.0477851941723;1088.3807;59.66704788948482
2024-10-10 17:45:00;508.2760388349509;1061.8535;-553.5774767900491
2024-10-10 18:00:00;409.9096815980631;451.85345;-41.943772991780634
2024-10-10 18:15:00;424.7899514563108;319.086;105.70395292115455
2024-10-10 18:30:00;378.0584240583225;343.84192;34.21650511300999
2024-10-10 18:45:00;354.74803892944084;309.47614;45.27190367553459
2024-10-10 19:00:00;374.82928467153295;299.17096;75.6583251988767
2024-10-10 19:15:00;448.8204363636356;336.84735;111.97308528941687
2024-10-10 19:30:00;429.10124574209306;425.10852;3.992725234280556
2024-10-10 19:45:00;421.349991504855;439.3718;-18.02180414944189
2024-10-10 20:00:00;461.8103777506111;452.78442;9.02595392248611
2024-10-10 20:15:00;368.9879818621515;501.91293;-132.92495148745786
2024-10-10 20:30:00;353.43269407497;438.6756;-85.24290406956123
2024-10-10 20:45:00;402.1361416464885;421.82294;-19.68679536523024
2024-10-10 21:00:00;400.3066104368932;461.443;-61.13638272716929
2024-10-10 21:15:00;391.1860362318846;462.6192;-71.43316542827165
2024-10-10 21:30:00;437.6133883495146;453.6114;-15.998000810641656
2024-10-10 21:45:00;442.3595721212124;491.33636;-48.97679262488134
2024-10-10 22:00:00;390.1574504283968;500.19733;-110.03987623175942
2024-10-10 22:15:00;385.0618341404357;458.2207;-73.15886898456432
2024-10-10 22:30:00;414.7993792270533;449.57584;-34.77645695458733
2024-10-10 22:45:00;362.3519417475736;473.04843;-110.69648964891076
2024-10-10 23:00:00;350.68921871202895;430.53537;-79.84615116101793
2024-10-10 23:15:00;461.5728381642492;414.4692;47.103630400577345
2024-10-10 23:30:00;446.8807013301088;504.51016;-57.629461023406805
2024-10-10 23:45:00;414.0499478787876;502.19302;-88.14307580285305
2024-10-11 00:00:00;391.6902850182713;475.6289;-83.93862123172869
2024-10-11 00:15:00;392.8933813559324;456.34024;-63.44685912258325
2024-10-11 00:30:00;345.677007255139;455.79425;-110.11724323314223
2024-10-11 00:45:00;345.79008958837767;415.3133;-69.52320386865358
2024-10-11 01:00:00;411.34600363196034;408.80762;2.5383864444603432
2024-10-11 01:15:00;453.7367975757579;461.15927;-7.422473664476456
2024-10-11 01:30:00;419.6322566585955;501.49368;-81.86142620273262
2024-10-11 01:45:00;409.5693607748182;478.81894;-69.24957843416615
2024-10-11 02:00:00;428.16288619854726;470.39362;-42.230729524108995
2024-10-11 02:15:00;362.2394738124242;487.01657;-124.77709723249768
2024-10-11 02:30:00;348.6881437198065;434.10266;-85.41451741300602
2024-10-11 02:45:00;344.57038498789296;415.45908;-70.88869093984141
2024-10-11 03:00:00;419.0461682808719;408.63562;10.410548163684382
2024-10-11 03:15:00;458.080935912938;467.51398;-9.433041137843247
2024-10-11 03:30:00;415.7558765133162;505.84872;-90.09284785191818
2024-10-11 03:45:00;391.8490931076178;476.29587;-84.44677481230406
2024-10-11 04:00:00;384.4164805352808;455.62506;-71.20858049987544
2024-10-11 04:15:00;397.3945388409364;448.82785;-51.4333115008605
2024-10-11 04:30:00;347.1006703567042;458.324;-111.22333477024893
2024-10-11 04:45:00;344.9584754901961;416.16235;-71.20387802542888
2024-10-11 05:00:00;404.810099386502;408.02896;-3.2188617951386505
2024-10-11 05:15:00;475.7678012121215;456.02448;19.743326114465276
2024-10-11 05:30:00;432.1945280487818;519.89655;-87.70201736137443
2024-10-11 05:45:00;514.0786415327558;492.15283;21.925809501505796
2024-10-11 06:00:00;585.0360769230767;560.379;24.657048602764235
2024-10-11 06:15:00;454.6034097560977;631.5487;-176.94529629858982
2024-10-11 06:30:00;450.7985569007266;532.56915;-81.77059593130463
2024-10-11 06:45:00;549.1538618181814;518.8632;30.29064160333769
2024-10-11 07:00:00;486.10754634146366;600.06854;-113.96099613900509
2024-10-11 07:15:00;513.4585006468308;552.7961;-39.33758089613798
2024-10-11 07:30:00;1252.6679080745355;568.05914;684.6087650081292
2024-10-11 07:45:00;1071.8877380660924;1206.1178;-134.23005978547008
2024-10-11 08:00:00;1037.523287116568;1128.9769;-91.4536415943694
2024-10-11 08:15:00;2065.980118872547;1121.212;944.7680827397344
2024-10-11 08:30:00;2890.498869908012;2061.044;829.4549245955118
2024-10-11 08:45:00;2744.9658585732127;2901.9395;-156.9735945517873
2024-10-11 09:00:00;3259.8166633540354;2927.031;332.7856574946604
2024-10-11 09:15:00;2847.9612785276045;3427.0708;-579.1095222536455
2024-10-11 09:30:00;2687.667507352938;3095.8882;-408.2206762408118
2024-10-11 09:45:00;2179.035076073624;2935.3303;-756.2952461920008
2024-10-11 10:00:00;1862.5348933823504;2426.76;-564.2251163832746
2024-10-11 10:15:00;1785.070893382352;2052.9187;-267.8478077895229
2024-10-11 10:30:00;2225.322076073616;1903.2706;322.0514461908033
2024-10-11 10:45:00;2056.7975680100785;2255.7761;-198.97855503679648
2024-10-11 11:00:00;1953.357274666668;2078.298;-124.94082103645701
2024-10-11 11:15:00;1958.144626716604;1974.3151;-16.17043675995842
2024-10-11 11:30:00;1903.2600110429444;1980.9346;-77.67455926955563
2024-10-11 11:45:00;1927.5377595092032;1934.3488;-6.81099537360933
2024-10-11 12:00:00;1956.3844736196336;1958.0383;-1.6538564584914184
2024-10-11 12:15:00;1956.692745098038;1990.6927;-34.0000039253996
2024-10-11 12:30:00;1947.9479608323136;1999.2428;-51.29483701924892
2024-10-11 12:45:00;1898.128490797548;1999.0616;-100.93315471026449
2024-10-11 13:00:00;1839.9553011015937;1958.4095;-118.4542447968438
2024-10-11 13:15:00;1846.1860245098003;1903.795;-57.60901943551221
2024-10-11 13:30:00;2307.9520134638915;1904.5391;403.4129509638915
2024-10-11 13:45:00;2059.922072303925;2330.5688;-270.6467753523252
2024-10-11 14:00:00;1889.9712083847096;2133.5718;-243.6005689590404
2024-10-11 14:15:00;1482.204591911764;1982.4913;-500.28674109604844
2024-10-11 14:30:00;1756.0778184049109;1588.3644;167.7134385220984
2024-10-11 14:45:00;1419.0678511685096;1802.4309;-383.3630570346154
2024-10-11 15:00:00;1252.5252124223575;1478.6478;-226.12261472607997
2024-10-11 15:15:00;1372.2232386223875;1279.4729;92.7503382317625
2024-10-11 15:30:00;1380.071027397259;1365.1791;14.891950248821558
2024-10-11 15:45:00;1382.828454545453;1367.743;15.085412553265542
2024-10-11 16:00:00;1375.7116216216202;1369.9642;5.747388223182725
2024-10-11 16:15:00;1284.9405288343542;1373.6901;-88.74953464220835
2024-10-11 16:30:00;1290.1185030750305;1302.5571;-12.438625831219497
2024-10-11 16:45:00;1263.465738650309;1310.0712;-46.60542834187845
2024-10-11 17:00:00;1191.5406049079752;1291.1306;-99.5900103263998
2024-10-11 17:15:00;1151.8682107843115;1225.6254;-73.75715542662601
2024-10-11 17:30:00;1116.3355000000013;1183.861;-67.52546191406122
2024-10-11 17:45:00;1180.9050281862762;1146.3391;34.56591685815124
2024-10-11 18:00:00;1208.8032386223863;1199.5177;9.285538427073789
2024-10-11 18:15:00;1111.6300159509212;1229.747;-118.11693229126627
2024-10-11 18:30:00;406.7040515337425;1147.9414;-741.2373547162575
2024-10-11 18:45:00;374.7070367647058;511.74078;-137.03374692670047
2024-10-11 19:00:00;367.1511607361962;410.04437;-42.893211822397575
2024-10-11 19:15:00;424.234;395.3197;28.91429785156248
2024-10-11 19:30:00;407.8590403916768;420.6046;-12.745573866135715
2024-10-11 19:45:00;422.4621124694381;399.04276;23.419357342485
2024-10-11 20:00:00;422.5628615196084;413.87784;8.685023384842793
2024-10-11 20:15:00;423.9000452876379;428.4869;-4.586862671346466
2024-10-11 20:30:00;354.17038997555085;444.80667;-90.63628116702728
2024-10-11 20:45:00;349.0195960832307;400.40952;-51.389919297628694
2024-10-11 21:00:00;351.7170441176468;399.25793;-47.54089045266568
2024-10-11 21:15:00;373.3075867970666;406.35544;-33.047851435355255
2024-10-11 21:30:00;478.9392757352938;426.8067;52.13257407513754
2024-10-11 21:45:00;441.03255691554415;518.3682;-77.3356681821121
2024-10-11 22:00:00;406.9695622688038;499.82373;-92.85416819994617
2024-10-11 22:15:00;346.82757843137284;472.43823;-125.61065399050216
2024-10-11 22:30:00;382.32052380952416;421.88855;-39.56802599516334
2024-10-11 22:45:00;381.3505042735052;445.06415;-63.71364367571357
2024-10-11 23:00:00;353.33861294261243;444.7197;-91.38108310230945
2024-10-11 23:15:00;403.2112567237165;418.63446;-15.423203725502276
2024-10-11 23:30:00;419.87425853658544;456.04556;-36.17130420755518
2024-10-11 23:45:00;444.79778632478553;474.27777;-29.479984671308216
2024-10-12 00:00:00;433.8284969173859;497.67294;-63.84444619784847
2024-10-12 00:15:00;347.21686430317806;493.15536;-145.93850068705632
2024-10-12 00:30:00;348.3041758241757;422.08585;-73.78167012308995
2024-10-12 00:45:00;351.59606471306495;414.82208;-63.2260178064663
2024-10-12 01:00:00;400.0873105134476;415.52597;-15.438659945536756
2024-10-12 01:15:00;467.8051514041517;452.98465;14.820501745948548
2024-10-12 01:30:00;421.8273897685749;512.47687;-90.64947790720635
2024-10-12 01:45:00;411.5942466422472;482.2534;-70.65914080892469
2024-10-12 02:00:00;369.1898083028079;472.75992;-103.57010991008275
2024-10-12 02:15:00;393.583426829268;438.55182;-44.96839201838827
2024-10-12 02:30:00;345.0236349206359;454.4397;-109.41606234498909
2024-10-12 02:45:00;343.5501868131871;414.46356;-70.91337519853164
2024-10-12 03:00:00;390.5237466340277;406.46115;-15.937404489019173
2024-10-12 03:15:00;474.3277323600973;443.5113;30.816440856191036
2024-10-12 03:30:00;421.3770073170722;516.7492;-95.37219922589657
2024-10-12 03:45:00;384.3430110024456;482.26334;-97.920325179195
2024-10-12 04:00:00;363.7368470012235;449.9832;-86.24633781322962
2024-10-12 04:15:00;399.9947176039116;431.34598;-31.3512601792915
2024-10-12 04:30:00;352.3412872860628;458.8407;-106.49941095612468
2024-10-12 04:45:00;352.160047619048;420.5907;-68.43065062313951
2024-10-12 05:00:00;405.9035532435733;414.25482;-8.351268533770451
2024-10-12 05:15:00;469.98837530562434;457.77148;12.216890930624345
2024-10-12 05:30:00;430.40348044009727;515.7887;-85.38521584896523
2024-10-12 05:45:00;365.04176102941176;490.73392;-125.69215620691637
2024-10-12 06:00:00;362.8956225490193;435.75436;-72.85874146465255
2024-10-12 06:15:00;367.24189228886166;429.10306;-61.86116557246646
2024-10-12 06:30:00;391.40798286413707;431.1063;-39.69830986047231
2024-10-12 06:45:00;372.6727328431374;448.88998;-76.21725128772198
2024-10-12 07:00:00;409.1115698529412;433.9101;-24.798525361902534
2024-10-12 07:15:00;417.3197141104284;462.27536;-44.955645996993496
2024-10-12 07:30:00;394.7808812729503;473.34833;-78.56744636376845
2024-10-12 07:45:00;425.4629889975541;456.7884;-31.325402115727172
2024-10-12 08:00:00;380.0111707616708;481.60037;-101.5892015527823
2024-10-12 08:15:00;370.4908539877302;447.39996;-76.90910939117606
2024-10-12 08:30:00;345.5553492647061;435.09506;-89.5397129911533
2024-10-12 08:45:00;404.369761321909;412.5094;-8.139638092153518
2024-10-12 09:00:00;489.7373018404908;457.27417;32.46313191861577
2024-10-12 09:15:00;590.9621003671976;532.7227;58.2393830820414
2024-10-12 09:30:00;425.4474840294839;627.24536;-201.79787729864108
2024-10-12 09:45:00;385.8428590686275;503.79282;-117.94995709348188
2024-10-12 10:00:00;386.62233088235286;459.19382;-72.57148625631902
2024-10-12 10:15:00;428.3455178351781;455.88953;-27.5440085320094
2024-10-12 10:30:00;413.22673561811473;486.15924;-72.93250510454152
2024-10-12 10:45:00;421.3946491442544;472.65506;-51.26041067019872
2024-10-12 11:00:00;443.7137825552826;476.0057;-32.29192423182678
2024-10-12 11:15:00;406.0157460122704;495.44595;-89.4302073568702
2024-10-12 11:30:00;455.66193757649927;466.98474;-11.32280363443823
2024-10-12 11:45:00;437.7715049140048;505.97775;-68.20624777154205
2024-10-12 12:00:00;375.79281372548974;496.54062;-120.74780517099464
2024-10-12 12:15:00;385.4678112745096;443.88663;-58.41881592275604
2024-10-12 12:30:00;430.1566031746032;446.01395;-15.857343358599906
2024-10-12 12:45:00;468.1733569682154;482.88953;-14.716169398972113
2024-10-12 13:00:00;447.405469864698;517.51764;-70.11216929545827
2024-10-12 13:15:00;383.381537990196;504.57465;-121.19310800589773
2024-10-12 13:30:00;371.69598280098353;451.33643;-79.64044298026647
2024-10-12 13:45:00;418.8376300366307;436.41876;-17.581132170400565
2024-10-12 14:00:00;427.18476838235273;473.37695;-46.19218474264727
2024-10-12 14:15:00;415.6029130966955;482.6891;-67.08617381736701
2024-10-12 14:30:00;404.55960709914353;473.35568;-68.79607527390334
2024-10-12 14:45:00;514.2424117647057;463.9904;50.25202480181508
2024-10-12 15:00:00;447.5730453987742;555.67914;-108.10609278481957
2024-10-12 15:15:00;378.4051992665032;511.48846;-133.08326508896556
2024-10-12 15:30:00;367.349560736196;449.48218;-82.132616998179
2024-10-12 15:45:00;367.70196687116623;434.0254;-66.32342375383377
2024-10-12 16:00:00;404.2618529411761;430.92316;-26.661303797105177
2024-10-12 16:15:00;431.73257894736776;457.87;-26.137416169819744
2024-10-12 16:30:00;404.1918049079754;482.14474;-77.9529399650715
2024-10-12 16:45:00;405.7273958333341;462.3698;-56.64241617838462
2024-10-12 17:00:00;391.7646319018404;463.05832;-71.29368718995647
2024-10-12 17:15:00;400.3502686202688;453.14392;-52.79365227816868
2024-10-12 17:30:00;419.3467704517702;459.41586;-40.06909258533915
2024-10-12 17:45:00;371.62513602941175;475.88333;-104.25819526941638
2024-10-12 18:00:00;392.1347368421056;437.87216;-45.737425023128765
2024-10-12 18:15:00;430.24214687882494;450.38867;-20.14652499617506
2024-10-12 18:30:00;457.9339105392154;483.73718;-25.80327207797211
2024-10-12 18:45:00;383.76527960927984;510.39352;-126.62824456064203
2024-10-12 19:00:00;355.5928959608329;452.48758;-96.89468338487023
2024-10-12 19:15:00;376.47750795593566;423.14655;-46.669037454220586
2024-10-12 19:30:00;429.17214932680577;437.2651;-8.09295687436611
2024-10-12 19:45:00;378.5302090464549;480.9426;-102.41238738909198
2024-10-12 20:00:00;413.0990427350426;442.4903;-29.391252675113662
2024-10-12 20:15:00;404.347047677261;466.97095;-62.623899588364
2024-10-12 20:30:00;447.5764236874245;463.9114;-16.33498378327863
2024-10-12 20:45:00;384.5670649509808;499.91922;-115.35215501972232
2024-10-12 21:00:00;355.8507591687039;452.45886;-96.60810313598358
2024-10-12 21:15:00;368.2095702075701;423.18973;-54.98015757563303
2024-10-12 21:30:00;380.6614481074486;430.0495;-49.38805140427013
2024-10-12 21:45:00;436.4506002444981;439.5755;-3.124900243783145
2024-10-12 22:00:00;425.0107487684722;485.63074;-60.61998853621532
2024-10-12 22:15:00;402.0017469437643;481.75165;-79.74990100545443
2024-10-12 22:30:00;388.3763312958424;463.61685;-75.2405205107982
2024-10-12 22:45:00;398.1527025703791;451.9205;-53.767799138605255
2024-10-12 23:00:00;370.17890452876327;459.06506;-88.88615894779923
2024-10-12 23:15:00;369.05378484107536;435.81628;-66.76249933861214
2024-10-12 23:30:00;369.612557317073;431.02078;-61.4082251536301
2024-10-12 23:45:00;407.34915018315127;430.2008;-22.851655480911234
2024-10-13 00:00:00;463.4695631901839;460.68524;2.7843214909651692
2024-10-13 00:15:00;437.5320182926818;511.05933;-73.52730787919319
2024-10-13 00:30:00;360.7715140415142;496.61877;-135.8472603725483
2024-10-13 00:45:00;352.59318902439014;433.03738;-80.44419500881298
2024-10-13 01:00:00;375.873313032887;419.9314;-44.05808345148802
2024-10-13 01:15:00;412.861863247863;436.90845;-24.046584017761973
2024-10-13 01:30:00;377.8798298653609;467.008;-89.12816574010787
2024-10-13 01:45:00;421.8322356532362;440.0733;-18.241067569420068
2024-10-13 02:00:00;433.1963406593399;473.88245;-40.68610562972259
2024-10-13 02:15:00;448.2630073349632;488.73566;-40.47264940331803
2024-10-13 02:30:00;351.5346100244504;503.98074;-152.44613338375274
2024-10-13 02:45:00;347.79149268292736;426.52704;-78.7355458912914
2024-10-13 03:00:00;352.4695244498783;414.41953;-61.95000069660608
2024-10-13 03:15:00;414.2660426829277;416.16107;-1.8950290944160315
2024-10-13 03:30:00;426.81221245421256;464.9314;-38.119184030162444
2024-10-13 03:45:00;420.0610855745728;479.70627;-59.64518273597406
2024-10-13 04:00:00;416.0929389499385;476.6761;-60.583147475842736
2024-10-13 04:15:00;363.15692524509694;475.36856;-112.21163554591868
2024-10-13 04:30:00;392.5889267399264;432.7433;-40.15435939288608
2024-10-13 04:45:00;372.60885924112574;452.2451;-79.63622742879613
2024-10-13 05:00:00;349.00723292682954;437.08408;-88.07684300090483
2024-10-13 05:15:00;372.5753872549013;414.0078;-41.43242524509873
2024-10-13 05:30:00;454.4740919117653;430.144;24.330079460593424
2024-10-13 05:45:00;454.6036159509206;499.70877;-45.10515480103254
2024-10-13 06:00:00;415.1926279069768;508.2964;-93.10375881177322
2024-10-13 06:15:00;348.8642883435583;478.55392;-129.68963621698856
2024-10-13 06:30:00;345.5262484700118;422.23392;-76.70766876631632
2024-10-13 06:45:00;364.6360183374082;413.08347;-48.44744723876369
2024-10-13 07:00:00;410.8606024539875;426.0292;-15.168602868278128
2024-10-13 07:15:00;399.4653378212975;463.07336;-63.60802643651499
2024-10-13 07:30:00;422.8933174019602;456.81393;-33.920616924211686
2024-10-13 07:45:00;421.22785416666574;476.4924;-55.26454695638114
2024-10-13 08:00:00;389.64188112745165;479.44775;-89.80587277879835
2024-10-13 08:15:00;372.26961397058847;454.78555;-82.51593900792716
2024-10-13 08:30:00;408.09198161764647;438.03357;-29.941587718291032
2024-10-13 08:45:00;353.33102328431414;465.53235;-112.20132534849836
2024-10-13 09:00:00;352.2720343558288;422.0138;-69.7417595894837
2024-10-13 09:15:00;425.605870098039;414.76688;10.838993877335895
2024-10-13 09:30:00;420.2673394833965;474.63025;-54.36290954004102
2024-10-13 09:45:00;468.6741153374239;476.5883;-7.9141720160916975
2024-10-13 10:00:00;398.9510932515343;517.9858;-119.03468555705945
2024-10-13 10:15:00;353.4189548229544;467.15814;-113.73918726688936
2024-10-13 10:30:00;351.04295577395584;424.4785;-73.43552933346604
2024-10-13 10:45:00;349.9560552825552;417.66324;-67.70718324283541
2024-10-13 11:00:00;420.8903292383295;413.77008;7.120248671923264
2024-10-13 11:15:00;458.27802937576496;469.59644;-11.318406171110041
2024-10-13 11:30:00;419.7286601226989;506.37085;-86.6421894866761
2024-10-13 11:45:00;398.5861236230113;479.9408;-81.3546722754262
2024-10-13 12:00:00;363.8793757649936;461.93808;-98.05870406899078
2024-10-13 12:15:00;350.12901591187307;432.6616;-82.5325746642988
2024-10-13 12:30:00;393.5864908200732;417.0703;-23.48382167992679
2024-10-13 12:45:00;389.2085024449877;449.5633;-60.35479101204356
2024-10-13 13:00:00;405.3301320293394;447.89435;-42.56421611519187
2024-10-13 13:15:00;425.3604355828224;460.48422;-35.123786829286985
2024-10-13 13:30:00;437.6358555691554;479.73972;-42.103860007016465
2024-10-13 13:45:00;435.3388905289052;493.55447;-58.215583348047915
2024-10-13 14:00:00;367.17855610357606;494.684;-127.50543437493957
2024-10-13 14:15:00;346.70948212083806;439.06055;-92.35106475416194
2024-10-13 14:30:00;356.98906012269947;415.34085;-58.351790707378655
2024-10-13 14:45:00;511.2548029375769;419.88525;91.36954903132693
2024-10-13 15:00:00;411.0230539877296;546.58374;-135.5606862466454
2024-10-13 15:15:00;514.9348594132035;476.83084;38.1040183487504
2024-10-13 15:30:00;404.3799435582831;557.33966;-152.95971708624813
2024-10-13 15:45:00;377.82900367197067;478.09772;-100.26871361318558
2024-10-13 16:00:00;420.74016768665854;446.92575;-26.185583045763337
2024-10-13 16:15:00;356.2319546012274;479.19003;-122.95807835775696
2024-10-13 16:30:00;349.922935286936;426.3904;-76.4674760900171
2024-10-13 16:45:00;392.0592607099143;412.2036;-20.144352571335673
2024-10-13 17:00:00;415.27132068543466;444.615;-29.34366954894034
2024-10-13 17:15:00;479.2443480392158;466.55402;12.690331925934572
2024-10-13 17:30:00;394.83438357843215;522.8682;-128.0338415192241
2024-10-13 17:45:00;369.8483618581906;461.59763;-91.7492638742313
2024-10-13 18:00:00;368.0524932515331;435.8316;-67.77911075237313
2024-10-13 18:15:00;377.5423730061348;432.73904;-55.1966711833183
2024-10-13 18:30:00;421.2765612745097;438.71475;-17.43819092275595
2024-10-13 18:45:00;426.7558103448277;473.89215;-47.136340534078556
2024-10-13 19:00:00;423.5649621026892;481.98846;-58.42350225277954
2024-10-13 19:15:00;422.0773382352946;481.15842;-59.0810785127523
2024-10-13 19:30:00;426.7316012269941;481.52078;-54.78918124370904
2024-10-13 19:45:00;361.5297429620567;486.508;-124.97825264341208
2024-10-13 20:00:00;349.3464779951097;432.87454;-83.52806424121843
2024-10-13 20:15:00;352.79793251533744;415.6001;-62.802165140912564
2024-10-13 20:30:00;1147.6733907203898;415.2021;732.471303318046
2024-10-13 20:45:00;1026.7118470012233;1086.9851;-60.273260420651695
2024-10-13 21:00:00;411.1792656058741;1065.4904;-654.3110908394384
2024-10-13 21:15:00;354.24197671568623;565.8388;-211.59682943665752
2024-10-13 21:30:00;395.4776968215152;458.4149;-62.93718965309415
2024-10-13 21:45:00;360.82656793145605;481.303;-120.47644110174707
2024-10-13 22:00:00;347.0484820322184;432.8019;-85.75342836817225
2024-10-13 22:15:00;364.4074571078438;398.2726;-33.865156417546814
2024-10-13 22:30:00;440.8798534798543;402.1482;38.73166012047932
2024-10-13 22:45:00;456.8140878048777;465.54364;-8.729552331841035
2024-10-13 23:00:00;377.26917904993866;489.2105;-111.9413312039676
2024-10-13 23:15:00;370.3563093788062;431.77887;-61.42256025010005
2024-10-13 23:30:00;347.8845562347189;425.5103;-77.62575870668735
