Date;INV2;INV3
2024-06-18 00:00:00;0.0;0.0
2024-06-18 00:01:00;0.0;0.0
2024-06-18 00:02:00;0.0;0.0
2024-06-18 00:03:00;0.0;0.0
2024-06-18 00:04:00;0.0;0.0
2024-06-18 00:05:00;0.0;0.0
2024-06-18 00:06:00;0.0;0.0
2024-06-18 00:07:00;0.0;0.0
2024-06-18 00:08:00;0.0;0.0
2024-06-18 00:09:00;0.0;0.0
2024-06-18 00:10:00;0.0;0.0
2024-06-18 00:11:00;0.0;0.0
2024-06-18 00:12:00;0.0;0.0
2024-06-18 00:13:00;0.0;0.0
2024-06-18 00:14:00;0.0;0.0
2024-06-18 00:15:00;0.0;0.0
2024-06-18 00:16:00;0.0;0.0
2024-06-18 00:17:00;0.0;0.0
2024-06-18 00:18:00;0.0;0.0
2024-06-18 00:19:00;0.0;0.0
2024-06-18 00:20:00;0.0;0.0
2024-06-18 00:21:00;0.0;0.0
2024-06-18 00:22:00;0.0;0.0
2024-06-18 00:23:00;0.0;0.0
2024-06-18 00:24:00;0.0;0.0
2024-06-18 00:25:00;0.0;0.0
2024-06-18 00:26:00;0.0;0.0
2024-06-18 00:27:00;0.0;0.0
2024-06-18 00:28:00;0.0;0.0
2024-06-18 00:29:00;0.0;0.0
2024-06-18 00:30:00;0.0;0.0
2024-06-18 00:31:00;0.0;0.0
2024-06-18 00:32:00;0.0;0.0
2024-06-18 00:33:00;0.0;0.0
2024-06-18 00:34:00;0.0;0.0
2024-06-18 00:35:00;0.0;0.0
2024-06-18 00:36:00;0.0;0.0
2024-06-18 00:37:00;0.0;0.0
2024-06-18 00:38:00;0.0;0.0
2024-06-18 00:39:00;0.0;0.0
2024-06-18 00:40:00;0.0;0.0
2024-06-18 00:41:00;0.0;0.0
2024-06-18 00:42:00;0.0;0.0
2024-06-18 00:43:00;0.0;0.0
2024-06-18 00:44:00;0.0;0.0
2024-06-18 00:45:00;0.0;0.0
2024-06-18 00:46:00;0.0;0.0
2024-06-18 00:47:00;0.0;0.0
2024-06-18 00:48:00;0.0;0.0
2024-06-18 00:49:00;0.0;0.0
2024-06-18 00:50:00;0.0;0.0
2024-06-18 00:51:00;0.0;0.0
2024-06-18 00:52:00;0.0;0.0
2024-06-18 00:53:00;0.0;0.0
2024-06-18 00:54:00;0.0;0.0
2024-06-18 00:55:00;0.0;0.0
2024-06-18 00:56:00;0.0;0.0
2024-06-18 00:57:00;0.0;0.0
2024-06-18 00:58:00;0.0;0.0
2024-06-18 00:59:00;0.0;0.0
2024-06-18 01:00:00;0.0;0.0
2024-06-18 01:01:00;0.0;0.0
2024-06-18 01:02:00;0.0;0.0
2024-06-18 01:03:00;0.0;0.0
2024-06-18 01:04:00;0.0;0.0
2024-06-18 01:05:00;0.0;0.0
2024-06-18 01:06:00;0.0;0.0
2024-06-18 01:07:00;0.0;0.0
2024-06-18 01:08:00;0.0;0.0
2024-06-18 01:09:00;0.0;0.0
2024-06-18 01:10:00;0.0;0.0
2024-06-18 01:11:00;0.0;0.0
2024-06-18 01:12:00;0.0;0.0
2024-06-18 01:13:00;0.0;0.0
2024-06-18 01:14:00;0.0;0.0
2024-06-18 01:15:00;0.0;0.0
2024-06-18 01:16:00;0.0;0.0
2024-06-18 01:17:00;0.0;0.0
2024-06-18 01:18:00;0.0;0.0
2024-06-18 01:19:00;0.0;0.0
2024-06-18 01:20:00;0.0;0.0
2024-06-18 01:21:00;0.0;0.0
2024-06-18 01:22:00;0.0;0.0
2024-06-18 01:23:00;0.0;0.0
2024-06-18 01:24:00;0.0;0.0
2024-06-18 01:25:00;0.0;0.0
2024-06-18 01:26:00;0.0;0.0
2024-06-18 01:27:00;0.0;0.0
2024-06-18 01:28:00;0.0;0.0
2024-06-18 01:29:00;0.0;0.0
2024-06-18 01:30:00;0.0;0.0
2024-06-18 01:31:00;0.0;0.0
2024-06-18 01:32:00;0.0;0.0
2024-06-18 01:33:00;0.0;0.0
2024-06-18 01:34:00;0.0;0.0
2024-06-18 01:35:00;0.0;0.0
2024-06-18 01:36:00;0.0;0.0
2024-06-18 01:37:00;0.0;0.0
2024-06-18 01:38:00;0.0;0.0
2024-06-18 01:39:00;0.0;0.0
2024-06-18 01:40:00;0.0;0.0
2024-06-18 01:41:00;0.0;0.0
2024-06-18 01:42:00;0.0;0.0
2024-06-18 01:43:00;0.0;0.0
2024-06-18 01:44:00;0.0;0.0
2024-06-18 01:45:00;0.0;0.0
2024-06-18 01:46:00;0.0;0.0
2024-06-18 01:47:00;0.0;0.0
2024-06-18 01:48:00;0.0;0.0
2024-06-18 01:49:00;0.0;0.0
2024-06-18 01:50:00;0.0;0.0
2024-06-18 01:51:00;0.0;0.0
2024-06-18 01:52:00;0.0;0.0
2024-06-18 01:53:00;0.0;0.0
2024-06-18 01:54:00;0.0;0.0
2024-06-18 01:55:00;0.0;0.0
2024-06-18 01:56:00;0.0;0.0
2024-06-18 01:57:00;0.0;0.0
2024-06-18 01:58:00;0.0;0.0
2024-06-18 01:59:00;0.0;0.0
2024-06-18 02:00:00;0.0;0.0
2024-06-18 02:01:00;0.0;0.0
2024-06-18 02:02:00;0.0;0.0
2024-06-18 02:03:00;0.0;0.0
2024-06-18 02:04:00;0.0;0.0
2024-06-18 02:05:00;0.0;0.0
2024-06-18 02:06:00;0.0;0.0
2024-06-18 02:07:00;0.0;0.0
2024-06-18 02:08:00;0.0;0.0
2024-06-18 02:09:00;0.0;0.0
2024-06-18 02:10:00;0.0;0.0
2024-06-18 02:11:00;0.0;0.0
2024-06-18 02:12:00;0.0;0.0
2024-06-18 02:13:00;0.0;0.0
2024-06-18 02:14:00;0.0;0.0
2024-06-18 02:15:00;0.0;0.0
2024-06-18 02:16:00;0.0;0.0
2024-06-18 02:17:00;0.0;0.0
2024-06-18 02:18:00;0.0;0.0
2024-06-18 02:19:00;0.0;0.0
2024-06-18 02:20:00;0.0;0.0
2024-06-18 02:21:00;0.0;0.0
2024-06-18 02:22:00;0.0;0.0
2024-06-18 02:23:00;0.0;0.0
2024-06-18 02:24:00;0.0;0.0
2024-06-18 02:25:00;0.0;0.0
2024-06-18 02:26:00;0.0;0.0
2024-06-18 02:27:00;0.0;0.0
2024-06-18 02:28:00;0.0;0.0
2024-06-18 02:29:00;0.0;0.0
2024-06-18 02:30:00;0.0;0.0
2024-06-18 02:31:00;0.0;0.0
2024-06-18 02:32:00;0.0;0.0
2024-06-18 02:33:00;0.0;0.0
2024-06-18 02:34:00;0.0;0.0
2024-06-18 02:35:00;0.0;0.0
2024-06-18 02:36:00;0.0;0.0
2024-06-18 02:37:00;0.0;0.0
2024-06-18 02:38:00;0.0;0.0
2024-06-18 02:39:00;0.0;0.0
2024-06-18 02:40:00;0.0;0.0
2024-06-18 02:41:00;0.0;0.0
2024-06-18 02:42:00;0.0;0.0
2024-06-18 02:43:00;0.0;0.0
2024-06-18 02:44:00;0.0;0.0
2024-06-18 02:45:00;0.0;0.0
2024-06-18 02:46:00;0.0;0.0
2024-06-18 02:47:00;0.0;0.0
2024-06-18 02:48:00;0.0;0.0
2024-06-18 02:49:00;0.0;0.0
2024-06-18 02:50:00;0.0;0.0
2024-06-18 02:51:00;0.0;0.0
2024-06-18 02:52:00;0.0;0.0
2024-06-18 02:53:00;0.0;0.0
2024-06-18 02:54:00;0.0;0.0
2024-06-18 02:55:00;0.0;0.0
2024-06-18 02:56:00;0.0;0.0
2024-06-18 02:57:00;0.0;0.0
2024-06-18 02:58:00;0.0;0.0
2024-06-18 02:59:00;0.0;0.0
2024-06-18 03:00:00;0.0;0.0
2024-06-18 03:01:00;0.0;0.0
2024-06-18 03:02:00;0.0;0.0
2024-06-18 03:03:00;0.0;0.0
2024-06-18 03:04:00;0.0;0.0
2024-06-18 03:05:00;0.0;0.0
2024-06-18 03:06:00;0.0;0.0
2024-06-18 03:07:00;0.0;0.0
2024-06-18 03:08:00;0.0;0.0
2024-06-18 03:09:00;0.0;0.0
2024-06-18 03:10:00;0.0;0.0
2024-06-18 03:11:00;0.0;0.0
2024-06-18 03:12:00;0.0;0.0
2024-06-18 03:13:00;0.0;0.0
2024-06-18 03:14:00;0.0;0.0
2024-06-18 03:15:00;0.0;0.0
2024-06-18 03:16:00;0.0;0.0
2024-06-18 03:17:00;0.0;0.0
2024-06-18 03:18:00;0.0;0.0
2024-06-18 03:19:00;0.0;0.0
2024-06-18 03:20:00;0.0;0.0
2024-06-18 03:21:00;0.0;0.0
2024-06-18 03:22:00;0.0;0.0
2024-06-18 03:23:00;0.0;0.0
2024-06-18 03:24:00;0.0;0.1328457355499267
2024-06-18 03:25:00;0.2956379784478081;0.708681583404541
2024-06-18 03:26:00;1.2669629096984862;3.901880705356598
2024-06-18 03:27:00;1.9330370903015135;2.0332637786865235
2024-06-18 03:28:00;1.062519335746765;1.4002089977264405
2024-06-18 03:29:00;0.8669629096984863;2.26652729511261
2024-06-18 03:30:00;0.599111270904541;5.068826067447662
2024-06-18 03:31:00;1.4077365663316517;6.420236647129059
2024-06-18 03:32:00;1.1330370903015137;2.599582087993622
2024-06-18 03:33:00;0.7312596321105957;5.202298724651337
2024-06-18 03:34:00;0.5339258193969727;5.535980319976806
2024-06-18 03:35:00;2.001777458190918;5.402507722377777
2024-06-18 03:36:00;2.671406555175781;5.602716684341431
2024-06-18 03:37:00;2.4705178499221803;5.335771322250366
2024-06-18 03:38:00;2.962304565641615;9.25653040409088
2024-06-18 03:39:00;9.290069770812988;13.410866737365724
2024-06-18 03:40:00;15.38369379043579;19.832384003533257
2024-06-18 03:41:00;22.52640363905165;28.28565173678928
2024-06-18 03:42:00;28.70931282043457;35.56732711791992
2024-06-18 03:43:00;35.67345371246338;40.30560531616211
2024-06-18 03:44:00;40.82959823608398;49.715427822536896
2024-06-18 03:45:00;50.606183242797854;58.05746841430664
2024-06-18 03:46:00;62.190766143798825;70.60389633178711
2024-06-18 03:47:00;70.21887291802301;80.78489430745442
2024-06-18 03:48:00;76.31993781195746;89.1565948486328
2024-06-18 03:49:00;78.12793731689453;91.29215698242189
2024-06-18 03:50:00;74.57890319824219;87.15450515747071
2024-06-18 03:51:00;70.02542533874512;79.34635467529297
2024-06-18 03:52:00;64.7353572845459;78.4120475769043
2024-06-18 03:53:00;61.253285598754886;75.74259338378906
2024-06-18 03:54:00;63.150566524929474;75.82601547241211
2024-06-18 03:55:00;62.32469215393066;71.00431594848632
2024-06-18 03:56:00;58.708695602417;69.53611602783204
2024-06-18 03:57:00;56.63284530639648;68.93549041748047
2024-06-18 03:58:00;56.96765937805176;67.13360710144043
2024-06-18 03:59:00;56.030178451538085;62.06164779663086
2024-06-18 04:00:00;55.3940315246582;59.94833077324761
2024-06-18 04:01:00;53.15077247619629;61.59449424743652
2024-06-18 04:02:00;57.57032432556152;63.86352882385254
2024-06-18 04:03:00;62.778551737467446;66.64977169036865
2024-06-18 04:04:00;59.98099060058594;66.26603698730469
2024-06-18 04:05:00;59.24439811706543;65.39846420288086
2024-06-18 04:06:00;55.896253204345705;68.7352783203125
2024-06-18 04:07:00;60.24884223937988;71.2712615966797
2024-06-18 04:08:00;64.19965476989746;77.01058425903321
2024-06-18 04:09:00;67.07905731201171;84.01790008544921
2024-06-18 04:10:00;73.84231185913086;90.49132232666015
2024-06-18 04:11:00;75.51638259887696;92.02625961303713
2024-06-18 04:12:00;77.3913444519043;94.09508514404295
2024-06-18 04:13:00;81.07430496215821;100.70197982788086
2024-06-18 04:14:00;89.17681732177735;111.9136833190918
2024-06-18 04:15:00;97.45045640733508;118.70410442352296
2024-06-18 04:16:00;98.4176983303494;126.71245765686037
2024-06-18 04:17:00;101.09621658325196;126.3287254333496
2024-06-18 04:18:00;107.8594696044922;132.40173416137696
2024-06-18 04:19:00;108.19428329467772;132.66868286132814
2024-06-18 04:20:00;103.7747314453125;131.06700744628907
2024-06-18 04:21:00;103.40271335177952;134.85191127232142
2024-06-18 04:22:00;109.60050430297852;137.40696411132814
2024-06-18 04:23:00;116.76553344726562;148.35171813964843
2024-06-18 04:24:00;122.85915985107422;154.62493133544922
2024-06-18 04:25:00;123.19397354125977;153.74994574652777
2024-06-18 04:26:00;124.8010856628418;155.42576751708984
2024-06-18 04:27:00;127.01085968017578;159.69688873291017
2024-06-18 04:28:00;128.61796875;159.8303649902344
2024-06-18 04:29:00;132.36789245605468;162.90023803710938
2024-06-18 04:30:00;134.3098159790039;169.03997802734375
2024-06-18 04:31:00;146.36314239501954;179.25063934326172
2024-06-18 04:32:00;147.4345489501953;180.2516845703125
2024-06-18 04:33:00;146.63099060058593;178.38306274414063
2024-06-18 04:34:00;144.95691986083983;181.185986328125
2024-06-18 04:35:00;146.3631393432617;182.7209259033203
2024-06-18 04:36:00;147.63543548583985;182.9878662109375
2024-06-18 04:37:00;151.31839904785156;188.3267807006836
2024-06-18 04:38:00;159.42090759277343;195.000407409668
2024-06-18 04:39:00;162.83601837158204;198.47069549560547
2024-06-18 04:40:00;165.38060675726996;203.6538848876953
2024-06-18 04:41:00;166.65289916992188;204.74390869140623
2024-06-18 04:42:00;158.34950103759766;197.4993116590712
2024-06-18 04:43:00;154.8674285888672;195.000407409668
2024-06-18 04:44:00;157.7914784749349;196.7856044769287
2024-06-18 04:45:00;158.14861145019532;197.1285586886936
2024-06-18 04:46:00;151.5416056315104;194.6074066162109
2024-06-18 04:47:00;150.35115559895834;191.36327743530276
2024-06-18 04:48:00;149.30951080322265;193.34683397081164
2024-06-18 04:49:00;145.0908462524414;189.52802581787108
2024-06-18 04:50:00;141.27396240234376;183.45502471923828
2024-06-18 04:51:00;138.99721984863282;180.3851531982422
2024-06-18 04:52:00;139.3320343017578;178.91695404052734
2024-06-18 04:53:00;135.0464126586914;179.5175811767578
2024-06-18 04:54:00;131.430411529541;174.1119384765625
2024-06-18 04:55:00;128.61797027587892;170.30796813964844
2024-06-18 04:56:00;124.26538162231444;165.70316314697266
2024-06-18 04:57:00;119.84582824707032;160.4977279663086
2024-06-18 04:58:00;116.22983245849608;161.0316146850586
2024-06-18 04:59:00;118.3726448059082;159.7636260986328
2024-06-18 05:00:00;118.3726448059082;159.02952575683594
2024-06-18 05:01:00;115.8950180053711;158.29542541503906
2024-06-18 05:02:00;113.000730726454;154.65830039978027
2024-06-18 05:03:00;107.45769271850584;148.28498382568358
2024-06-18 05:04:00;107.52465591430663;151.88874359130858
2024-06-18 05:05:00;104.5782859802246;150.62075500488282
2024-06-18 05:06:00;108.52909927368164;149.9533920288086
2024-06-18 05:07:00;105.38183975219728;149.08582305908203
2024-06-18 05:08:00;105.31487579345703;146.8835189819336
2024-06-18 05:09:00;106.45324783325196;154.02430267333983
2024-06-18 05:10:00;114.19118245442708;159.07958221435547
2024-06-18 05:11:00;113.55131454467774;157.49459381103514
2024-06-18 05:12:00;121.65382537841796;167.23810119628905
2024-06-18 05:13:00;124.19841766357422;176.7813949584961
2024-06-18 05:14:00;130.1134736802843;180.18494606018064
2024-06-18 05:15:00;128.28315658569335;178.18285369873047
2024-06-18 05:16:00;139.86773529052735;190.86275329589844
2024-06-18 05:17:00;137.85885467529295;193.93262786865236
2024-06-18 05:18:00;142.94803314208986;196.7355529785156
2024-06-18 05:19:00;140.47040405273438;196.2016616821289
2024-06-18 05:20:00;137.9927734375;197.7365936279297
2024-06-18 05:21:00;134.6446334838867;200.20583801269527
2024-06-18 05:22:00;137.00507736206055;202.9865180121528
2024-06-18 05:23:00;134.77855529785157;204.3434936523437
2024-06-18 05:24:00;136.11781463623046;208.347673034668
2024-06-18 05:25:00;141.8691864013672;211.9681205749512
2024-06-18 05:26:00;145.69351196289062;214.22047119140623
2024-06-18 05:27:00;143.9524703979492;216.5562405056424
2024-06-18 05:28:00;149.30950775146485;221.82840881347656
2024-06-18 05:29:00;147.30062103271484;222.19175381130643
2024-06-18 05:30:00;150.35115559895834;230.9712890625
2024-06-18 05:31:00;154.73350372314454;244.3185485839844
2024-06-18 05:32:00;159.75572204589844;252.6605926513672
2024-06-18 05:33:00;161.36283264160156;252.86080322265624
2024-06-18 05:34:00;168.12608184814454;254.79615478515623
2024-06-18 05:35:00;170.3358612060547;263.79072740342883
2024-06-18 05:36:00;179.0410415649414;274.5501220703125
2024-06-18 05:37:00;184.9486592610677;281.73538886176215
2024-06-18 05:38:00;188.88458404541012;289.2246839735243
2024-06-18 05:39:00;192.31457349989148;291.55118560791016
2024-06-18 05:40:00;205.29049682617188;309.920361328125
2024-06-18 05:41:00;211.18323211669923;318.7962921142578
2024-06-18 05:42:00;216.0715301513672;327.9391754150391
2024-06-18 05:43:00;223.80574226379397;339.1008110046387
2024-06-18 05:44:00;237.4326919555664;356.30210876464844
2024-06-18 05:45:00;246.18251376681857;364.96115493774414
2024-06-18 05:46:00;255.3117889404297;377.8579406738281
2024-06-18 05:47:00;261.80719299316405;390.4711090087891
2024-06-18 05:48:00;272.5956624348958;407.5055465698242
2024-06-18 05:49:00;280.7576965332031;421.7037078857422
2024-06-18 05:50:00;292.00746459960936;434.1166656494141
2024-06-18 05:51:00;304.06078186035154;446.7965637207032
2024-06-18 05:52:00;317.7881774902344;459.8101440429688
2024-06-18 05:53:00;331.1807586669922;474.6256164550781
2024-06-18 05:54:00;328.368310546875;466.4837829589844
2024-06-18 05:55:00;358.3677032470703;504.5234802246094
2024-06-18 05:56:00;368.9478416442871;499.9631618923611
2024-06-18 05:57:00;379.99672241210936;509.66217041015625
2024-06-18 05:58:00;393.3223358154297;530.2911173502604
2024-06-18 05:59:00;398.746337890625;537.7581787109375
2024-06-18 06:00:00;415.2192138671875;554.4422607421875
2024-06-18 06:01:00;432.2947540283203;555.4432983398438
2024-06-18 06:02:00;449.5265401204427;559.210191514757
2024-06-18 06:03:00;458.0754699707031;538.3588012695312
2024-06-18 06:04:00;473.2760528564453;549.9041687011719
2024-06-18 06:05:00;480.508041381836;584.6070922851562
2024-06-18 06:06:00;481.7803375244141;609.4329895019531
2024-06-18 06:07:00;487.2712982177735;594.9512084960937
2024-06-18 06:08:00;497.3157287597657;595.8855285644531
2024-06-18 06:09:00;524.8374816894532;632.5237731933594
2024-06-18 06:10:00;527.850830078125;639.9982238769531
2024-06-18 06:11:00;542.9844360351562;678.3048767089844
2024-06-18 06:12:00;550.618212890625;694.98896484375
2024-06-18 06:13:00;561.39921875;687.0473266601563
2024-06-18 06:14:00;555.6255425347222;663.6062088012695
2024-06-18 06:15:00;563.8768676757812;673.9225192599827
2024-06-18 06:16:00;584.099658203125;715.6104736328125
2024-06-18 06:17:00;599.0770331488716;760.6797417534722
2024-06-18 06:18:00;611.3535583496093;802.0340209960938
2024-06-18 06:19:00;627.5585998535156;821.7879760742187
2024-06-18 06:20:00;634.6566528320312;802.6346496582031
2024-06-18 06:21:00;644.9019897460937;807.5731323242187
2024-06-18 06:22:00;678.6513000488281;834.46787109375
2024-06-18 06:23:00;688.49482421875;842.8766479492188
2024-06-18 06:24:00;703.6954284667969;855.7567687988281
2024-06-18 06:25:00;685.0127624511719;830.9975769042969
2024-06-18 06:26:00;743.7392395019531;893.6629943847656
2024-06-18 06:27:00;772.1984680175781;920.824676513672
2024-06-18 06:28:00;793.3587585449219;934.4389038085938
2024-06-18 06:29:00;812.0414001464844;948.7871948242188
2024-06-18 06:30:00;818.3359130859375;949.5213134765625
2024-06-18 06:31:00;777.7563781738281;901.5378845214844
2024-06-18 06:32:00;830.1213806152343;942.7809448242188
2024-06-18 06:33:00;879.4730407714844;955.46083984375
2024-06-18 06:34:00;903.479263305664;931.5988837348092
2024-06-18 06:35:00;917.4409973144532;953.9926330566408
2024-06-18 06:36:00;924.8069519042969;1030.6059326171876
2024-06-18 06:37:00;933.3112121582031;1062.973046875
2024-06-18 06:38:00;934.8513244628906;1059.369287109375
2024-06-18 06:39:00;933.7129699707032;1006.5141174316408
2024-06-18 06:40:00;927.4854431152344;875.5107116699219
2024-06-18 06:41:00;919.315985107422;765.3957763671875
2024-06-18 06:42:00;932.92431640625;696.974365234375
2024-06-18 06:43:00;939.53876953125;1020.1283203125
2024-06-18 06:44:00;917.8948703342014;1053.42973109654
2024-06-18 06:45:00;961.43564453125;1134.2474609375
2024-06-18 06:46:00;980.3861511230468;1161.07548828125
2024-06-18 06:47:00;1001.2116088867188;1188.9045043945312
2024-06-18 06:48:00;1020.4225328233508;1197.4319390190972
2024-06-18 06:49:00;957.5517944335936;1108.020086669922
2024-06-18 06:50:00;952.8644104003906;1116.5623168945312
2024-06-18 06:51:00;894.0039978027344;1004.5120239257812
2024-06-18 06:52:00;1035.496624755859;1087.7618815104167
2024-06-18 06:53:00;1142.6372680664062;1177.6928100585938
2024-06-18 06:54:00;1194.1540662977432;1222.773178100586
2024-06-18 06:55:00;1207.658251953125;1224.8753662109375
2024-06-18 06:56:00;1210.6715576171875;1214.4644897460937
2024-06-18 06:57:00;1201.832470703125;1193.442578125
2024-06-18 06:58:00;1225.2695190429688;1199.1151733398438
2024-06-18 06:59:00;1213.0152709960937;1174.1557495117188
2024-06-18 07:00:00;1256.6081787109374;1196.97958984375
2024-06-18 07:01:00;1184.0873046875;1121.0336547851562
2024-06-18 07:02:00;1172.368798828125;1101.8135864257813
2024-06-18 07:03:00;1291.696691894531;1195.3779418945312
2024-06-18 07:04:00;1309.374853515625;1200.783605957031
2024-06-18 07:05:00;1318.5562744140625;1224.4972195095486
2024-06-18 07:06:00;1254.1304931640625;1342.0643920898438
2024-06-18 07:07:00;1295.7144775390625;1382.1728759765624
2024-06-18 07:08:00;1377.1413452148438;1469.7976806640625
2024-06-18 07:09:00;1389.5964721679688;1479.4077392578124
2024-06-18 07:10:00;1371.650439453125;1460.1876708984375
2024-06-18 07:11:00;1443.9033569335938;1535.5626220703125
2024-06-18 07:12:00;1460.5176323784722;1561.812255859375
2024-06-18 07:13:00;1435.0642944335937;1567.499658203125
2024-06-18 07:14:00;1442.8319946289062;1570.0430772569443
2024-06-18 07:15:00;1456.9463026258682;1595.5789947509766
2024-06-18 07:16:00;1513.8796020507812;1649.3851440429687
2024-06-18 07:17:00;1536.6321343315972;1669.0723724365234
2024-06-18 07:18:00;1565.7089233398438;1684.2882446289063
2024-06-18 07:19:00;1558.276025390625;1650.853369140625
2024-06-18 07:20:00;1530.4864013671877;1652.1213134765626
2024-06-18 07:21:00;1600.3287231445313;1732.6572265625
2024-06-18 07:22:00;1621.9577758789062;1761.5689086914062
2024-06-18 07:23:00;1641.77880859375;1781.7900268554688
2024-06-18 07:24:00;1598.9225219726563;1738.0776977539062
2024-06-18 07:25:00;1650.5509033203125;1793.068444824219
2024-06-18 07:26:00;1672.6412217881943;1814.8912200927732
2024-06-18 07:27:00;1658.1177124023438;1799.1414794921875
2024-06-18 07:28:00;1636.287841796875;1776.5178466796874
2024-06-18 07:29:00;1692.4696899414062;1834.4449829101563
2024-06-18 07:30:00;1752.8479410807292;1897.9779663085935
2024-06-18 07:31:00;1759.0977783203125;1901.8486572265624
2024-06-18 07:32:00;1760.8388061523438;1900.5806640625
2024-06-18 07:33:00;1840.3907348632813;1984.5349975585937
2024-06-18 07:34:00;1823.04736328125;1962.9791381835937
2024-06-18 07:35:00;1898.7154541015625;2045.598718261719
2024-06-18 07:36:00;1929.3844482421875;2074.095104980469
2024-06-18 07:37:00;1945.455541992188;2088.443432617188
2024-06-18 07:38:00;1987.91005859375;2132.489453125
2024-06-18 07:39:00;1987.7760986328128;2130.287158203125
2024-06-18 07:40:00;1953.089331054688;2095.917919921875
2024-06-18 07:41:00;1937.82177734375;2079.4340087890623
2024-06-18 07:42:00;1919.064724392361;2055.058624267578
2024-06-18 07:43:00;1851.8414184570315;1988.53916015625
2024-06-18 07:44:00;1636.4217163085937;1766.6408813476562
2024-06-18 07:45:00;1920.10637749566;2065.402740478516
2024-06-18 07:46:00;1948.007595486111;2085.673873901367
2024-06-18 07:47:00;1937.2191162109373;2078.7666870117187
2024-06-18 07:48:00;1714.9692260742188;1845.7234130859372
2024-06-18 07:49:00;1741.6874186197915;1873.5524658203128
2024-06-18 07:50:00;1784.8115112304688;1958.107373046875
2024-06-18 07:51:00;1607.0250366210937;1733.072509765625
2024-06-18 07:52:00;1734.5224243164062;1862.6077026367188
2024-06-18 07:53:00;1697.0901611328125;1829.1060668945315
2024-06-18 07:54:00;1974.5844116210935;2112.33505859375
2024-06-18 07:55:00;2174.267768012153;2313.41162109375
2024-06-18 07:56:00;2026.5476196289064;2160.251708984375
2024-06-18 07:57:00;2129.9383056640627;2265.428173828125
2024-06-18 07:58:00;1945.522521972656;2071.5591552734377
2024-06-18 07:59:00;1960.3883056640625;2087.4423828125
2024-06-18 08:00:00;2038.4000732421875;2167.39248046875
2024-06-18 08:01:00;2138.5765625;2267.96416015625
2024-06-18 08:02:00;2098.971733940972;2224.068298339844
2024-06-18 08:03:00;2020.4539916992187;2136.9311252170137
2024-06-18 08:04:00;1753.4729125976562;1864.276123046875
2024-06-18 08:05:00;1594.235107421875;1697.768957519531
2024-06-18 08:06:00;1830.5992567274309;1970.1366271972656
2024-06-18 08:07:00;2026.6815307617187;2149.10673828125
2024-06-18 08:08:00;1955.0982421875;2076.831262207031
2024-06-18 08:09:00;2006.994482421875;2127.083740234375
2024-06-18 08:10:00;2047.8418701171877;2171.997314453125
2024-06-18 08:11:00;2039.8732055664063;2159.183959960937
2024-06-18 08:12:00;1869.98837890625;1979.93017578125
2024-06-18 08:13:00;1801.4183349609375;1911.1249877929688
2024-06-18 08:14:00;1951.3483032226563;2070.024206542969
2024-06-18 08:15:00;1802.6237182617188;1914.862243652344
2024-06-18 08:16:00;1711.1523559570312;1826.1696899414064
2024-06-18 08:17:00;2163.821594238281;2290.05380859375
2024-06-18 08:18:00;2359.420263671875;2492.7988525390624
2024-06-18 08:19:00;2307.226453993056;2437.6245727539062
2024-06-18 08:20:00;2143.330944824219;2257.7535400390625
2024-06-18 08:21:00;1829.207958984375;1901.9154296875
2024-06-18 08:22:00;1864.899169921875;1938.6036682128904
2024-06-18 08:23:00;2029.6948974609372;2094.5164428710937
2024-06-18 08:24:00;2169.4465087890626;2233.061010742188
2024-06-18 08:25:00;2243.1056884765626;2311.4094970703127
2024-06-18 08:26:00;2438.369482421875;2506.4797607421874
2024-06-18 08:27:00;2576.566107855903;2649.26220703125
2024-06-18 08:28:00;2594.058276367188;2657.637548828125
2024-06-18 08:29:00;2354.1971435546875;2421.457690429688
2024-06-18 08:30:00;2260.24814453125;2330.0956298828123
2024-06-18 08:31:00;2493.881787109375;2557.1325927734374
2024-06-18 08:32:00;2396.04892578125;2474.312866210937
2024-06-18 08:33:00;2353.5275390625;2480.98642578125
2024-06-18 08:34:00;2124.8492797851563;2252.6148193359377
2024-06-18 08:35:00;2229.177392578125;2367.2677978515626
2024-06-18 08:36:00;2240.561083984375;2359.7266845703125
2024-06-18 08:37:00;2246.922607421875;2378.212548828125
2024-06-18 08:38:00;2235.1371337890623;2365.532592773437
2024-06-18 08:39:00;2113.3985595703125;2237.131909179688
2024-06-18 08:40:00;1934.4736328125;2054.474645996094
2024-06-18 08:41:00;2221.610595703125;2347.3803955078124
2024-06-18 08:42:00;2523.3454345703126;2655.3685546875
2024-06-18 08:43:00;2498.6552734375;2606.002720424108
2024-06-18 08:44:00;2259.7794555664063;2384.085327148437
2024-06-18 08:45:00;2497.698681640625;2625.6041259765625
2024-06-18 08:46:00;2423.0349853515627;2558.8677978515625
2024-06-18 08:47:00;2479.0829833984376;2610.7219482421874
2024-06-18 08:48:00;2597.2054931640623;2724.7075439453124
2024-06-18 08:49:00;2483.100732421875;2607.792914496528
2024-06-18 08:50:00;2375.6773274739585;2510.951141357422
2024-06-18 08:51:00;2487.252416992188;2688.9369140625
2024-06-18 08:52:00;2558.3670166015627;2750.1341064453127
2024-06-18 08:53:00;2592.718994140625;2782.501171875
2024-06-18 08:54:00;2638.25380859375;2834.8224853515626
2024-06-18 08:55:00;2650.0020887586807;2841.9633178710938
2024-06-18 08:56:00;2631.3566162109373;2824.344873046875
2024-06-18 08:57:00;2823.875;3026.8896728515624
2024-06-18 08:58:00;2938.5154541015627;3143.611474609375
2024-06-18 08:59:00;2915.5471923828127;3119.853369140625
2024-06-18 09:00:00;2922.71220703125;3130.73134765625
2024-06-18 09:01:00;2940.1225830078124;3144.4123046875
2024-06-18 09:02:00;2928.939819335937;3133.4676025390627
2024-06-18 09:03:00;2950.233984375;3150.2851318359376
2024-06-18 09:04:00;3023.9601318359373;3178.8482421875
2024-06-18 09:05:00;3020.0093688964844;3201.3013780381943
2024-06-18 09:06:00;2859.9010986328126;3046.17646484375
2024-06-18 09:07:00;2902.690380859375;3092.558203125
2024-06-18 09:08:00;2777.13486328125;2960.220068359375
2024-06-18 09:09:00;2888.962939453125;3072.337060546875
2024-06-18 09:10:00;2985.94189453125;3163.484076605903
2024-06-18 09:11:00;3086.905322265625;3277.4177978515627
2024-06-18 09:12:00;3066.9503173828125;3251.2572509765623
2024-06-18 09:13:00;3087.307006835937;3272.2124267578124
2024-06-18 09:14:00;3136.8595947265626;3323.265673828125
2024-06-18 09:15:00;3149.9918077256943;3338.2312927246094
2024-06-18 09:16:00;3143.087158203125;3332.62353515625
2024-06-18 09:17:00;3088.981127929688;3283.023681640625
2024-06-18 09:18:00;3050.6634385850693;3247.942626953125
2024-06-18 09:19:00;3034.00458984375;3236.1747802734376
2024-06-18 09:20:00;3108.936083984375;3309.98515625
2024-06-18 09:21:00;3168.0642822265627;3371.0488525390624
2024-06-18 09:22:00;3090.8560546875;3292.099853515625
2024-06-18 09:23:00;3107.7307373046874;3303.44501953125
2024-06-18 09:24:00;3020.2101806640626;3204.8605685763887
2024-06-18 09:25:00;3112.953857421875;3307.71611328125
2024-06-18 09:26:00;3149.991753472222;3342.559868706597
2024-06-18 09:27:00;3158.5555419921875;3351.6286376953126
2024-06-18 09:28:00;3184.6042236328126;3375.1864501953123
2024-06-18 09:29:00;3197.996728515625;3386.331494140625
2024-06-18 09:30:00;3183.8006103515627;3370.5149658203127
2024-06-18 09:31:00;3191.3673828125;3379.39091796875
2024-06-18 09:32:00;3199.1350830078127;3384.8632568359376
2024-06-18 09:33:00;3197.795849609375;3379.65791015625
2024-06-18 09:34:00;3208.7108154296875;3389.935302734375
2024-06-18 09:35:00;3242.59404296875;3421.3680419921875
2024-06-18 09:36:00;3261.1427734375;3439.053198242188
2024-06-18 09:37:00;3263.754272460937;3441.255541992188
2024-06-18 09:38:00;3247.48232421875;3424.1710205078125
2024-06-18 09:39:00;3273.731787109375;3449.731005859375
2024-06-18 09:40:00;3269.5130859375;3457.872802734375
2024-06-18 09:41:00;3250.964404296875;3462.07724609375
2024-06-18 09:42:00;3224.4470703125;3458.6069580078124
2024-06-18 09:43:00;3208.44296875;3453.1345947265627
2024-06-18 09:44:00;3250.1608642578126;3491.774951171875
2024-06-18 09:45:00;3278.2182861328124;3493.1095947265626
2024-06-18 09:46:00;3332.7260986328124;3512.8635986328127
2024-06-18 09:47:00;3349.7643771701387;3528.263000488281
2024-06-18 09:48:00;3355.2255859375;3530.548681640625
2024-06-18 09:49:00;3297.90537109375;3492.7759521484377
2024-06-18 09:50:00;3281.6334228515625;3517.6685791015625
2024-06-18 09:51:00;3179.3810302734373;3437.5849853515624
2024-06-18 09:52:00;3235.4290283203127;3488.50478515625
2024-06-18 09:53:00;3235.3620361328126;3486.8363525390623
2024-06-18 09:54:00;3264.498372395833;3518.1505262586807
2024-06-18 09:55:00;3268.3077880859373;3521.8062255859377
2024-06-18 09:56:00;3298.3072265625;3550.5696044921874
2024-06-18 09:57:00;3297.10185546875;3548.1003662109374
2024-06-18 09:58:00;3332.5921142578127;3589.00966796875
2024-06-18 09:59:00;3354.8908203125;3599.5688747829863
2024-06-18 10:00:00;3374.71181640625;3551.236962890625
2024-06-18 10:01:00;3405.3808349609376;3573.8605224609373
2024-06-18 10:02:00;3402.9031982421875;3597.8856201171875
2024-06-18 10:03:00;3368.7373046875;3618.625813802084
2024-06-18 10:04:00;3304.199877929688;3607.6958984375
2024-06-18 10:05:00;3249.7591064453127;3604.75947265625
2024-06-18 10:06:00;3238.7101806640626;3600.236273871528
2024-06-18 10:07:00;3338.484912109375;3596.8178955078124
2024-06-18 10:08:00;3341.0964599609374;3597.2849853515627
2024-06-18 10:09:00;3324.1548583984377;3577.5310791015627
2024-06-18 10:10:00;3326.550672743056;3580.3636610243057
2024-06-18 10:11:00;3330.717260742188;3580.5119357638887
2024-06-18 10:12:00;3343.90888671875;3595.2829345703126
2024-06-18 10:13:00;3362.7255126953123;3617.239135742188
2024-06-18 10:14:00;3413.349462890625;3626.5822265625
2024-06-18 10:15:00;3451.719189453125;3619.7083740234375
2024-06-18 10:16:00;3461.160986328125;3624.980590820313
2024-06-18 10:17:00;3486.673779296875;3649.673095703125
2024-06-18 10:18:00;3516.003588867188;3675.900390625
2024-06-18 10:19:00;3517.3429443359373;3674.365502929688
2024-06-18 10:20:00;3493.9058349609377;3650.54052734375
2024-06-18 10:21:00;3502.8862575954863;3668.826253255209
2024-06-18 10:22:00;3556.3821533203127;3713.072534179688
2024-06-18 10:23:00;3497.5887451171875;3648.405102539063
2024-06-18 10:24:00;2859.2313720703123;2997.3254150390626
2024-06-18 10:25:00;3072.106494140625;3216.8879638671874
2024-06-18 10:26:00;3528.525634765625;3679.3558756510415
2024-06-18 10:27:00;3564.35078125;3721.8150390625
2024-06-18 10:28:00;3560.325602213541;3722.048614501953
2024-06-18 10:29:00;3549.819775390625;3706.9328125
2024-06-18 10:30:00;3546.069873046875;3703.2623291015625
2024-06-18 10:31:00;3560.332958984375;3716.409350585937
2024-06-18 10:32:00;3551.627880859375;3711.404150390625
2024-06-18 10:33:00;3549.81982421875;3709.0683349609376
2024-06-18 10:34:00;3573.926440429688;3735.629443359375
2024-06-18 10:35:00;3555.377783203125;3714.281222873264
2024-06-18 10:36:00;3555.2940673828125;3714.016462053572
2024-06-18 10:37:00;3557.319702148437;3716.94326171875
2024-06-18 10:38:00;3542.989624023437;3699.8587158203127
2024-06-18 10:39:00;3539.8423583984377;3698.45732421875
2024-06-18 10:40:00;3515.8696533203124;3675.3665283203127
2024-06-18 10:41:00;3523.7043212890626;3681.37275390625
2024-06-18 10:42:00;3548.1235080295137;3705.447784423828
2024-06-18 10:43:00;3558.926806640625;3714.073583984375
2024-06-18 10:44:00;3558.92685546875;3712.7388916015625
2024-06-18 10:45:00;3581.62724609375;3732.4927978515625
2024-06-18 10:46:00;3583.97099609375;3733.3603759765615
2024-06-18 10:47:00;3594.4171142578125;3744.705541992188
2024-06-18 10:48:00;3608.88115234375;3758.987109375
2024-06-18 10:49:00;3607.050808376736;3754.7493591308594
2024-06-18 10:50:00;3560.0651611328126;3707.1997802734377
2024-06-18 10:51:00;3565.3552978515627;3714.40732421875
2024-06-18 10:52:00;3593.0779541015627;3739.233154296875
2024-06-18 10:53:00;3615.443481445313;3762.924560546875
2024-06-18 10:54:00;3613.7024658203127;3762.05703125
2024-06-18 10:55:00;3612.83193359375;3762.8578369140623
2024-06-18 10:56:00;3588.9707845052085;3736.313415527344
2024-06-18 10:57:00;3587.519970703125;3736.230078125
2024-06-18 10:58:00;3604.930322265625;3752.44697265625
2024-06-18 10:59:00;3607.14013671875;3754.515771484375
2024-06-18 11:00:00;3623.679931640625;3767.395947265625
2024-06-18 11:01:00;3607.7427978515625;3750.1779296875
2024-06-18 11:02:00;3625.0191650390634;3770.73271484375
2024-06-18 11:03:00;3628.769067382813;3775.8046875
2024-06-18 11:04:00;3647.317822265625;3795.75888671875
2024-06-18 11:05:00;3672.294995117188;3822.5868896484376
2024-06-18 11:06:00;3698.7900390625;3848.013397216797
2024-06-18 11:07:00;3662.3844970703126;3811.84228515625
2024-06-18 11:08:00;3667.071875;3818.1155517578127
2024-06-18 11:09:00;3679.794799804688;3832.196875
2024-06-18 11:10:00;3685.687573242188;3837.2021240234376
2024-06-18 11:11:00;3673.567333984375;3825.656689453125
2024-06-18 11:12:00;3665.7326171875;3818.115576171875
2024-06-18 11:13:00;3676.178930664063;3831.329321289063
2024-06-18 11:14:00;3695.7320068359377;3848.013427734375
2024-06-18 11:15:00;3695.3971923828126;3847.079052734375
2024-06-18 11:16:00;3654.884643554688;3807.304223632813
2024-06-18 11:17:00;3686.06703016493;3841.089447021485
2024-06-18 11:18:00;3680.5314453125;3833.464892578125
2024-06-18 11:19:00;3689.8392333984375;3842.274072265625
2024-06-18 11:20:00;3697.89710828993;3851.016520182292
2024-06-18 11:21:00;3664.795092773437;3831.2922092013887
2024-06-18 11:22:00;3659.839892578125;3817.7150634765626
2024-06-18 11:23:00;3677.049340820312;3834.999780273437
2024-06-18 11:24:00;3697.8748046875;3853.4189697265615
2024-06-18 11:25:00;3692.785620117188;3848.7474609375
2024-06-18 11:26:00;3627.362890625;3785.8818603515615
2024-06-18 11:27:00;3548.882373046875;3702.72841796875
2024-06-18 11:28:00;3385.961596679688;3544.1628662109374
2024-06-18 11:29:00;3253.9777099609373;3400.4796142578125
2024-06-18 11:30:00;3162.97509765625;3308.1165283203127
2024-06-18 11:31:00;3221.5676513671874;3370.314794921875
2024-06-18 11:32:00;3474.687451171875;3624.0462646484375
2024-06-18 11:33:00;3183.5997802734373;3333.609765625
2024-06-18 11:34:00;3396.74267578125;3549.6352783203124
2024-06-18 11:35:00;3405.581713867188;3554.2400634765627
2024-06-18 11:36:00;3455.9378173828127;3626.715771484375
2024-06-18 11:37:00;3397.680126953125;3547.76669921875
2024-06-18 11:38:00;3391.25166015625;3543.1619140625
2024-06-18 11:39:00;3446.1910264756943;3596.0837131076387
2024-06-18 11:40:00;3166.1893798828123;3309.58466796875
2024-06-18 11:41:00;3448.504956054688;3596.8845947265627
2024-06-18 11:42:00;3396.1399658203127;3543.2285400390624
2024-06-18 11:43:00;3530.8693359375;3678.9703125
2024-06-18 11:44:00;3514.1955810546874;3659.854058159722
2024-06-18 11:45:00;3360.984448242188;3512.5965576171875
2024-06-18 11:46:00;3244.87080078125;3398.470052083333
2024-06-18 11:47:00;2999.697211371528;3153.08798828125
2024-06-18 11:48:00;3045.455224609375;3201.471875
2024-06-18 11:49:00;3004.272998046875;3153.555224609375
2024-06-18 11:50:00;3602.050927734375;3759.053857421875
2024-06-18 11:51:00;3730.552734375;3868.3679443359374
2024-06-18 11:52:00;3725.4635498046873;3875.5087890625
2024-06-18 11:53:00;3637.6751708984375;3758.119604492188
2024-06-18 11:54:00;3696.6695068359377;3776.4720458984375
2024-06-18 11:55:00;3633.463975694444;3683.842041015625
2024-06-18 11:56:00;3501.94130859375;3546.4319091796874
2024-06-18 11:57:00;3363.7968994140624;3394.3398681640624
2024-06-18 11:58:00;3328.172607421875;3358.0352783203125
2024-06-18 11:59:00;3309.0882080078127;3329.2718994140623
2024-06-18 12:00:00;3155.140478515625;3168.0369384765627
2024-06-18 12:01:00;3117.10556640625;3127.861694335937
2024-06-18 12:02:00;3040.03125;3049.7801513671875
2024-06-18 12:03:00;2971.996923828125;2981.508984375
2024-06-18 12:04:00;2828.02666015625;2841.696362304688
2024-06-18 12:05:00;2784.2329345703124;2811.1977783203124
2024-06-18 12:06:00;2884.1416015625;3238.710791015625
2024-06-18 12:07:00;3453.78013780382;3525.2598571777344
2024-06-18 12:08:00;3518.213427734375;3588.3423828125
2024-06-18 12:09:00;3545.8913302951387;3608.346618652344
2024-06-18 12:10:00;3519.351708984375;3580.86787109375
2024-06-18 12:11:00;3496.1825927734376;3556.108764648437
2024-06-18 12:12:00;3450.9156494140625;3509.3932861328126
2024-06-18 12:13:00;3334.801953125;3392.2413736979165
2024-06-18 12:14:00;3213.4651611328127;3270.94443359375
2024-06-18 12:15:00;3123.4297960069443;3169.638671875
2024-06-18 12:16:00;3172.952612304688;3226.2977783203123
2024-06-18 12:17:00;3156.0109619140626;3208.2122314453127
2024-06-18 12:18:00;3171.9481689453123;3231.503173828125
2024-06-18 12:19:00;3142.179443359375;3219.190399169922
2024-06-18 12:20:00;3240.451220703125;3329.5388671875
2024-06-18 12:21:00;3357.3684326171874;3463.94580078125
2024-06-18 12:22:00;3166.9928955078126;3293.634716796875
2024-06-18 12:23:00;3039.964306640625;3175.978588867188
2024-06-18 12:24:00;3153.6673095703127;3325.6681640625
2024-06-18 12:25:00;3184.961235894097;3380.859130859375
2024-06-18 12:26:00;3081.883056640625;3305.9809814453124
2024-06-18 12:27:00;2851.1139865451387;3063.110809326172
2024-06-18 12:28:00;2389.620556640625;2595.2390869140627
2024-06-18 12:29:00;2573.8355224609377;2804.99130859375
2024-06-18 12:30:00;2937.0422607421874;3219.8243896484373
2024-06-18 12:31:00;2693.0964111328126;2957.1501708984374
2024-06-18 12:32:00;2267.6810546875;2497.2034423828127
2024-06-18 12:33:00;2782.89365234375;3091.6906494140626
2024-06-18 12:34:00;2950.30087890625;3299.774487304688
2024-06-18 12:35:00;3025.366357421875;3404.617236328125
2024-06-18 12:36:00;2892.9807373046874;3298.9068603515625
2024-06-18 12:37:00;3183.8676025390623;3343.153076171875
2024-06-18 12:38:00;3140.096137152778;3293.684783935547
2024-06-18 12:39:00;2965.032690429688;3108.6416259765624
2024-06-18 12:40:00;3201.47880859375;3347.2240234375
2024-06-18 12:41:00;3027.2413330078125;3165.5009765625
2024-06-18 12:42:00;2921.774780273437;3071.239664713541
2024-06-18 12:43:00;3081.9500244140627;3210.125325520833
2024-06-18 12:44:00;3060.335883246528;3221.9599609375
2024-06-18 12:45:00;2833.8525146484376;2975.56943359375
2024-06-18 12:46:00;2822.0669677734377;2964.157470703125
2024-06-18 12:47:00;3116.034130859375;3261.8015380859374
2024-06-18 12:48:00;3289.3341552734373;3441.455737304688
2024-06-18 12:49:00;2963.2248046875;3100.455322265625
2024-06-18 12:50:00;2556.1572265625;2686.534375
2024-06-18 12:51:00;2740.550754123264;2864.134575737847
2024-06-18 12:52:00;2902.9581787109373;3050.9814697265624
2024-06-18 12:53:00;2860.570678710937;3003.465185546875
2024-06-18 12:54:00;3052.1514892578125;3199.60322265625
2024-06-18 12:55:00;3192.7066650390625;3348.2917724609374
2024-06-18 12:56:00;3250.227734375;3396.764621310764
2024-06-18 12:57:00;3254.982104492188;3399.945678710937
2024-06-18 12:58:00;3055.030932617188;3191.061010742188
2024-06-18 12:59:00;3128.1172960069443;3284.5919494628906
2024-06-18 13:00:00;3184.537182617188;3311.653564453125
2024-06-18 13:01:00;3017.702826605903;3136.270477294922
2024-06-18 13:02:00;3169.8723388671874;3295.399468315972
2024-06-18 13:03:00;3285.3833740234377;3416.095947265625
2024-06-18 13:04:00;3254.5283474392363;3389.127007378472
2024-06-18 13:05:00;3220.6971923828123;3347.157299804688
2024-06-18 13:06:00;3239.111987304688;3357.9685791015627
2024-06-18 13:07:00;3170.475;3290.3646484375
2024-06-18 13:08:00;3052.5533203125;3165.9310438368057
2024-06-18 13:09:00;2925.390698242188;3042.706103515625
2024-06-18 13:10:00;3059.048681640625;3178.981689453125
2024-06-18 13:11:00;3027.375244140625;3145.947216796875
2024-06-18 13:12:00;2998.6556260850693;3120.031304253472
2024-06-18 13:13:00;3022.75478515625;3144.8126953125
2024-06-18 13:14:00;3010.5675537109373;3137.538452148437
2024-06-18 13:15:00;3105.989721679688;3236.5752197265624
2024-06-18 13:16:00;3035.410815429688;3168.0369384765627
2024-06-18 13:17:00;2850.1244384765623;2984.11162109375
2024-06-18 13:18:00;2686.668017578125;2815.468994140625
2024-06-18 13:19:00;2637.24931640625;2767.6190673828123
2024-06-18 13:20:00;2663.2978759765624;2799.385546875
2024-06-18 13:21:00;2990.8134765625;3121.0546630859376
2024-06-18 13:22:00;2940.12255859375;3083.2818115234377
2024-06-18 13:23:00;2984.318041992188;3132.666748046875
2024-06-18 13:24:00;3012.107666015625;3161.76376953125
2024-06-18 13:25:00;2896.2618408203125;3043.03984375
2024-06-18 13:26:00;2799.4335693359376;2948.4077392578124
2024-06-18 13:27:00;2930.353461371528;3083.919623480903
2024-06-18 13:28:00;3048.066772460937;3220.9514431423613
2024-06-18 13:29:00;3116.770751953125;3275.348974609375
2024-06-18 13:30:00;3107.262060546875;3265.538745117188
2024-06-18 13:31:00;3023.02265625;3175.644873046875
2024-06-18 13:32:00;2995.63486328125;3147.6824462890627
2024-06-18 13:33:00;3000.2924533420137;3158.293426513672
2024-06-18 13:34:00;2894.0520751953127;3036.9667724609376
2024-06-18 13:35:00;2685.93134765625;2819.873510742188
2024-06-18 13:36:00;2741.24267578125;2863.1853759765627
2024-06-18 13:37:00;2784.2998318142363;2893.6004943847656
2024-06-18 13:38:00;2792.0378689236118;2910.568212890625
2024-06-18 13:39:00;2812.6474880642363;2930.203531901041
2024-06-18 13:40:00;3000.5900146484373;3113.0610622829863
2024-06-18 13:41:00;3005.6494954427085;3110.7437744140625
2024-06-18 13:42:00;2959.809716796875;3060.2577880859376
2024-06-18 13:43:00;2803.198296440972;2905.36279296875
2024-06-18 13:44:00;2743.854296875;2841.02900390625
2024-06-18 13:45:00;2494.3505126953123;2587.8980712890625
2024-06-18 13:46:00;2623.856811523437;2710.9376356336807
2024-06-18 13:47:00;2740.922797309028;2839.3606201171874
2024-06-18 13:48:00;2803.92001953125;2905.6297607421875
2024-06-18 13:49:00;2699.591796875;2800.2531005859373
2024-06-18 13:50:00;2759.389697265625;2865.3876953125
2024-06-18 13:51:00;2906.975952148437;3019.348388671875
2024-06-18 13:52:00;2925.055908203125;3041.705078125
2024-06-18 13:53:00;2958.4034423828125;3081.6134521484373
2024-06-18 13:54:00;2989.47421875;3112.846044921875
2024-06-18 13:55:00;2851.932470703125;2975.569409179688
2024-06-18 13:56:00;2247.793103027344;2370.137451171875
2024-06-18 13:57:00;2783.630322265625;2925.2502685546874
2024-06-18 13:58:00;2973.3361328125;3124.4581787109373
2024-06-18 13:59:00;3010.969384765625;3166.5687744140623
2024-06-18 14:00:00;2948.4929443359374;3105.5050537109373
2024-06-18 14:01:00;2941.365125868056;3099.2317810058594
2024-06-18 14:02:00;2942.6002197265625;3101.8345458984377
2024-06-18 14:03:00;2838.205029296875;2993.3212646484376
2024-06-18 14:04:00;2807.8038330078125;2962.021948242188
2024-06-18 14:05:00;2817.5135009765627;2973.7675537109376
2024-06-18 14:06:00;2640.7314697265624;2780.0320068359374
2024-06-18 14:07:00;2621.4461181640627;2754.471923828125
2024-06-18 14:08:00;2513.367919921875;2641.62080078125
2024-06-18 14:09:00;2728.0509982638887;2885.5921325683594
2024-06-18 14:10:00;2760.394091796875;2899.756884765625
2024-06-18 14:11:00;2702.136401367188;2839.560791015625
2024-06-18 14:12:00;2784.567749023437;2921.57978515625
2024-06-18 14:13:00;2801.375463867188;2934.793505859375
2024-06-18 14:14:00;2726.845751953125;2856.9122314453125
2024-06-18 14:15:00;2761.867333984375;2893.55048828125
2024-06-18 14:16:00;2535.599609375;2667.848193359375
2024-06-18 14:17:00;2519.930346679688;2649.095263671875
2024-06-18 14:18:00;2542.3405490451387;2669.700164794922
2024-06-18 14:19:00;2372.277099609375;2503.743627929688
2024-06-18 14:20:00;2160.1385986328123;2292.990283203125
2024-06-18 14:21:00;2062.7076049804687;2243.1382080078124
2024-06-18 14:22:00;1973.5799682617187;2105.394470214844
2024-06-18 14:23:00;1715.8695203993057;1857.8527374267576
2024-06-18 14:24:00;1799.208581542969;1929.0103759765625
2024-06-18 14:25:00;2334.1751953125;2507.0136962890624
2024-06-18 14:26:00;2292.1894287109376;2464.302416992188
2024-06-18 14:27:00;2477.0889485677085;2657.993462456597
2024-06-18 14:28:00;2327.2111328125;2483.885796440972
2024-06-18 14:29:00;2399.7096354166665;2579.8378092447915
2024-06-18 14:30:00;2505.1389431423613;2683.64990234375
2024-06-18 14:31:00;2490.533642578125;2671.5187255859373
2024-06-18 14:32:00;2347.366943359375;2522.0293212890624
2024-06-18 14:33:00;2171.6637369791665;2340.2544216579863
2024-06-18 14:34:00;2000.8338745117187;2165.190185546875
2024-06-18 14:35:00;1872.532946777344;2031.717578125
2024-06-18 14:36:00;1866.171484375;2036.6560180664064
2024-06-18 14:37:00;1958.044580078125;2126.015991210937
2024-06-18 14:38:00;1981.8164306640624;2145.70322265625
2024-06-18 14:39:00;1980.1423461914064;2147.037841796875
2024-06-18 14:40:00;1927.1077270507808;2083.037768554688
2024-06-18 14:41:00;1402.0515869140625;1490.8863891601563
2024-06-18 14:42:00;1551.7359890407986;1659.8127136230469
2024-06-18 14:43:00;1497.8085327148438;1600.5341552734376
2024-06-18 14:44:00;1700.8400390625;1843.8548095703125
2024-06-18 14:45:00;1726.0850708007813;1855.8005859375
2024-06-18 14:46:00;2058.8238037109377;2241.67001953125
2024-06-18 14:47:00;2137.304296875;2334.300048828125
2024-06-18 14:48:00;1950.87958984375;2100.589465332031
2024-06-18 14:49:00;1626.2433868408202;1895.575451660156
2024-06-18 14:50:00;1654.7026123046876;1725.1975952148437
2024-06-18 14:51:00;1610.44013671875;1655.1912109375
2024-06-18 14:52:00;1712.9603393554687;1759.8337768554688
2024-06-18 14:53:00;1788.9632568359375;1851.5294555664063
2024-06-18 14:54:00;1766.7316040039063;1838.2489501953123
2024-06-18 14:55:00;1595.6413208007812;1667.3372436523437
2024-06-18 14:56:00;1349.686572265625;1407.7996459960937
2024-06-18 14:57:00;1468.746630859375;1558.2900512695312
2024-06-18 14:58:00;1714.0317626953124;1833.710888671875
2024-06-18 14:59:00;1839.899685329861;1972.982204861111
2024-06-18 15:00:00;1810.5922729492188;1936.7220865885415
2024-06-18 15:01:00;1717.5807983398438;1877.8903442382807
2024-06-18 15:02:00;1907.755456542969;2053.607080078125
2024-06-18 15:03:00;2013.0211181640625;2101.9909423828126
2024-06-18 15:04:00;2230.449682617188;2193.4196533203126
2024-06-18 15:05:00;2346.0276611328127;2006.8249267578128
2024-06-18 15:06:00;2299.153686523437;2023.7018229166667
2024-06-18 15:07:00;2156.931871202257;2143.753024631076
2024-06-18 15:08:00;1947.26360405816;1929.2606048583984
2024-06-18 15:09:00;2131.8802734375;2105.4612060546874
2024-06-18 15:10:00;2154.2458984375;2123.6802490234377
2024-06-18 15:11:00;2114.202099609375;2089.4444580078125
2024-06-18 15:12:00;1922.2194213867188;1919.0666259765624
2024-06-18 15:13:00;1722.2012451171877;1686.3570556640625
2024-06-18 15:14:00;1939.6297729492187;1852.1968383789065
2024-06-18 15:15:00;2001.1017456054688;1893.5733642578125
2024-06-18 15:16:00;2086.211535644531;1961.7778930664065
2024-06-18 15:17:00;1994.6733276367188;1877.7568725585936
2024-06-18 15:18:00;2064.783447265625;1951.1667846679688
2024-06-18 15:19:00;1959.9865315755208;1888.9685736762156
2024-06-18 15:20:00;1949.8751220703125;1935.6098225911455
2024-06-18 15:21:00;1987.6421875;1943.09169921875
2024-06-18 15:22:00;1994.6063354492187;1970.3201416015625
2024-06-18 15:23:00;1957.6056179470488;1934.3492279052732
2024-06-18 15:24:00;1888.9388793945316;1869.014392089844
2024-06-18 15:25:00;1879.2962158203125;1861.1395385742187
2024-06-18 15:26:00;1883.9836059570312;1867.4127075195315
2024-06-18 15:27:00;1847.488806152344;1832.509619140625
2024-06-18 15:28:00;1825.524987792969;1831.7087890625
2024-06-18 15:29:00;1792.5792724609375;1784.125830078125
2024-06-18 15:30:00;1806.373620605469;1786.3281005859376
2024-06-18 15:31:00;1792.1105346679688;1778.519921875
2024-06-18 15:32:00;1786.1508422851562;1783.2581909179687
2024-06-18 15:33:00;1783.2044542100691;1793.238986545139
2024-06-18 15:34:00;1781.4634155273438;1817.486504448785
2024-06-18 15:35:00;1763.7851684570312;1804.747326660156
2024-06-18 15:36:00;1741.6874267578123;1786.3280883789062
2024-06-18 15:37:00;1716.390353732639;1760.167465209961
2024-06-18 15:38:00;1710.3487915039063;1754.6283447265623
2024-06-18 15:39:00;1630.863854980469;1676.8137817382812
2024-06-18 15:40:00;1588.0745239257812;1637.0389404296875
2024-06-18 15:41:00;1633.2075073242188;1679.549951171875
2024-06-18 15:42:00;1604.2125854492188;1645.464370727539
2024-06-18 15:43:00;1629.1897583007812;1680.017138671875
2024-06-18 15:44:00;1631.942694769965;1680.0171264648438
2024-06-18 15:45:00;1622.4934814453125;1673.81064453125
2024-06-18 15:46:00;1627.0469848632813;1679.41650390625
2024-06-18 15:47:00;1620.4845581054688;1674.374199761285
2024-06-18 15:48:00;1605.752734375;1659.6625366210938
2024-06-18 15:49:00;1589.5477416992187;1643.5791137695312
2024-06-18 15:50:00;1570.1284912109377;1625.0931396484375
2024-06-18 15:51:00;1551.1779418945312;1609.8623996310764
2024-06-18 15:52:00;1538.4178331163191;1595.99609375
2024-06-18 15:53:00;1525.865966796875;1582.9157592773438
2024-06-18 15:54:00;1512.4734130859374;1571.6373046875
2024-06-18 15:55:00;1499.4826171875;1535.4662353515623
2024-06-18 15:56:00;1486.826611328125;1432.6255493164062
2024-06-18 15:57:00;1475.0411865234375;1335.5909423828125
2024-06-18 15:58:00;1460.815212673611;1327.1321105957031
2024-06-18 15:59:00;1449.877956814236;1300.9381103515625
2024-06-18 16:00:00;1437.541906738281;1280.199792480469
2024-06-18 16:01:00;1420.4663696289062;1263.71591796875
2024-06-18 16:02:00;1405.1318603515624;1254.2393676757813
2024-06-18 16:03:00;1390.6678466796875;1248.1663208007812
2024-06-18 16:04:00;1379.6859619140623;1242.560498046875
2024-06-18 16:05:00;1358.391748046875;1231.9494018554688
2024-06-18 16:06:00;1325.8477783203125;1265.4510498046875
2024-06-18 16:07:00;1285.067333984375;1306.8943481445312
2024-06-18 16:08:00;1240.5370483398438;1262.3811645507812
2024-06-18 16:09:00;1128.4411315917969;1152.8668701171875
2024-06-18 16:10:00;1042.7955810546875;1072.8500061035156
2024-06-18 16:11:00;1083.241168212891;1113.6926635742188
2024-06-18 16:12:00;1118.5976196289062;1151.265222167969
2024-06-18 16:13:00;1162.7930908203125;1193.7095336914062
2024-06-18 16:14:00;1192.1228637695312;1227.0109497070312
2024-06-18 16:15:00;1132.1017523871528;1171.2564561631943
2024-06-18 16:16:00;1085.1161193847656;1128.975274658203
2024-06-18 16:17:00;1105.4728515625;1150.39765625
2024-06-18 16:18:00;1104.267529296875;1161.1421875
2024-06-18 16:19:00;1003.9570739746092;1059.3693054199218
2024-06-18 16:20:00;882.8881591796875;925.9633850097656
2024-06-18 16:21:00;900.4994018554687;955.6610595703124
2024-06-18 16:22:00;930.297882080078;985.025030517578
2024-06-18 16:23:00;884.8300659179688;929.5004089355468
2024-06-18 16:24:00;904.71806640625;947.8529052734376
2024-06-18 16:25:00;866.259019639757;903.3564453125
2024-06-18 16:26:00;834.5409240722656;872.5075927734375
2024-06-18 16:27:00;768.91728515625;814.9141418457032
2024-06-18 16:28:00;715.7487243652344;773.0630357530382
2024-06-18 16:29:00;643.6296752929687;694.1881164550781
2024-06-18 16:30:00;651.6057196723091;707.5687484741211
2024-06-18 16:31:00;685.6823913574219;742.6386962890625
2024-06-18 16:32:00;702.8249084472657;759.8566528320313
2024-06-18 16:33:00;813.9833251953125;880.3157348632812
2024-06-18 16:34:00;921.3248779296875;997.6382080078124
2024-06-18 16:35:00;967.9980041503908;1030.6059509277345
2024-06-18 16:36:00;939.6057373046876;1011.8530456542968
2024-06-18 16:37:00;984.932169596354;1072.866714477539
2024-06-18 16:38:00;993.1760620117188;1074.7853881835938
2024-06-18 16:39:00;1029.9387084960938;1104.68330078125
2024-06-18 16:40:00;965.1855651855468;1042.6184997558594
2024-06-18 16:41:00;951.4581726074218;1030.4057373046876
2024-06-18 16:42:00;920.3204162597656;996.103271484375
2024-06-18 16:43:00;871.7053466796875;948.8539428710938
2024-06-18 16:44:00;901.3699157714844;979.0854858398436
2024-06-18 16:45:00;891.0576354980469;976.616259765625
2024-06-18 16:46:00;877.1963073730469;969.4754455566406
2024-06-18 16:47:00;865.226676940918;951.2278529575892
2024-06-18 16:48:00;806.6174011230469;884.5868606567383
2024-06-18 16:49:00;786.8633361816406;874.6431396484375
2024-06-18 16:50:00;777.003044128418;853.8881564670139
2024-06-18 16:51:00;760.47998046875;835.8693420410157
2024-06-18 16:52:00;720.4361389160156;809.9089111328125
2024-06-18 16:53:00;702.0510932074653;791.1559906005859
2024-06-18 16:54:00;698.472314453125;787.4855041503906
2024-06-18 16:55:00;685.2136535644531;774.3384399414062
2024-06-18 16:56:00;666.6649230957031;744.9744689941406
2024-06-18 16:57:00;651.1295288085937;715.8106994628906
2024-06-18 16:58:00;610.4160827636719;664.5571838378906
2024-06-18 16:59:00;619.2551818847656;697.2580078125
2024-06-18 17:00:00;601.2421569824219;679.1724426269532
2024-06-18 17:01:00;588.0504821777344;664.6906616210938
2024-06-18 17:02:00;574.6727634006077;650.6760330200195
2024-06-18 17:03:00;547.80576171875;622.4465576171875
2024-06-18 17:04:00;543.9218872070312;624.7156188964843
2024-06-18 17:05:00;533.0739196777344;615.9064086914062
2024-06-18 17:06:00;520.1500915527344;600.4235961914062
2024-06-18 17:07:00;498.70706854926215;572.4276885986328
2024-06-18 17:08:00;492.42744140625;563.0512451171875
2024-06-18 17:09:00;475.8876037597656;547.7018737792969
2024-06-18 17:10:00;462.76287536621095;537.7581787109375
2024-06-18 17:11:00;448.2319274902344;531.0845458984375
2024-06-18 17:12:00;433.36615600585935;520.60693359375
2024-06-18 17:13:00;421.7815826416016;507.05945739746096
2024-06-18 17:14:00;409.4604034423828;492.043798828125
2024-06-18 17:15:00;396.6704864501953;478.2293731689453
2024-06-18 17:16:00;385.2198303222656;464.9488403320312
2024-06-18 17:17:00;375.8450225830078;455.672494506836
2024-06-18 17:18:00;366.4032501220703;445.1281555175781
2024-06-18 17:19:00;356.1579254150391;432.9821502685547
2024-06-18 17:20:00;343.9037200927734;421.5702301025391
2024-06-18 17:21:00;331.8503936767578;412.0936767578125
2024-06-18 17:22:00;320.9354370117188;403.3512176513672
2024-06-18 17:23:00;308.7481903076172;389.9372192382813
2024-06-18 17:24:00;294.01634826660154;375.4554412841797
2024-06-18 17:25:00;282.7889031304253;362.7829420301649
2024-06-18 17:26:00;270.3784454345703;354.40382893880206
2024-06-18 17:27:00;256.5840789794922;340.15191345214845
2024-06-18 17:28:00;251.8966796875;337.08204650878906
2024-06-18 17:29:00;239.97728424072267;326.53770446777344
2024-06-18 17:30:00;231.6069183349609;316.92767028808595
2024-06-18 17:31:00;215.26797332763672;292.9693298339844
2024-06-18 17:32:00;180.7151107788086;246.1204345703125
2024-06-18 17:33:00;183.7582024468316;252.96460978190103
2024-06-18 17:34:00;152.8585418701172;212.28511810302732
2024-06-18 17:35:00;143.88551177978516;206.01190185546875
2024-06-18 17:36:00;130.42597198486328;191.27059258355035
2024-06-18 17:37:00;91.5205192565918;138.9418983459473
2024-06-18 17:38:00;81.34215774536133;125.6613655090332
2024-06-18 17:39:00;86.36437454223633;131.80110931396484
2024-06-18 17:40:00;83.75282211303711;129.3318618774414
2024-06-18 17:41:00;73.57445983886718;114.18271713256836
2024-06-18 17:42:00;71.78134240044488;115.85854254828558
2024-06-18 17:43:00;65.404984664917;103.70511627197266
2024-06-18 17:44:00;63.463060760498045;96.63106384277344
2024-06-18 17:45:00;75.18157081604004;120.97499084472656
2024-06-18 17:46:00;90.3151870727539;141.27766876220704
2024-06-18 17:47:00;100.69443740844729;154.82514343261718
2024-06-18 17:48:00;106.7880599975586;160.56446838378906
2024-06-18 17:49:00;109.19872665405272;169.9075500488281
2024-06-18 17:50:00;112.88168487548828;173.77825317382812
2024-06-18 17:51:00;115.08402082655164;173.17762925889758
2024-06-18 17:52:00;116.83249893188476;173.37784423828126
2024-06-18 17:53:00;104.84613876342772;153.95756988525392
2024-06-18 17:54:00;89.10985260009765;132.86888961791993
2024-06-18 17:55:00;82.81534118652344;122.65823135375976
2024-06-18 17:56:00;82.94926605224609;119.72183380126953
2024-06-18 17:57:00;94.60081253051756;131.20789421929254
2024-06-18 17:58:00;97.0114761352539;139.3423110961914
2024-06-18 17:59:00;104.36995781792535;143.5170406765408
2024-06-18 18:00:00;95.67222061157229;125.46115646362304
2024-06-18 18:01:00;84.89119186401368;111.26114908854169
2024-06-18 18:02:00;76.05208816528321;102.37039031982422
2024-06-18 18:03:00;68.82009468078613;94.22855758666992
2024-06-18 18:04:00;63.39609870910645;87.42145156860352
2024-06-18 18:05:00;52.8829222785102;80.49755668640137
2024-06-18 18:06:00;48.66425971984863;75.47564849853515
2024-06-18 18:07:00;45.04826278686524;70.87084350585937
2024-06-18 18:08:00;43.90989303588867;67.73423461914062
2024-06-18 18:09:00;43.37419090270996;69.73632583618163
2024-06-18 18:10:00;41.76708030700684;71.00431594848632
2024-06-18 18:11:00;44.91433601379394;72.87293167114258
2024-06-18 18:12:00;47.52588844299317;73.13987731933594
2024-06-18 18:13:00;45.442598554823135;69.4397201538086
2024-06-18 18:14:00;46.05270538330078;73.44390021430121
2024-06-18 18:15:00;47.07947031656901;74.57470893859863
2024-06-18 18:16:00;44.579521560668944;70.67063369750977
2024-06-18 18:17:00;48.53033332824707;75.80932998657227
2024-06-18 18:18:00;50.53922080993652;75.40891189575196
2024-06-18 18:19:00;47.927666091918944;72.67272262573242
2024-06-18 18:20:00;45.450038528442384;67.53402709960938
2024-06-18 18:21:00;38.21804466247559;62.06164703369141
2024-06-18 18:22:00;30.718200302124025;56.18885078430176
2024-06-18 18:23:00;30.048570442199708;53.05224266052246
2024-06-18 18:24:00;29.520307328965927;49.214905738830566
2024-06-18 18:25:00;28.039683532714843;45.37756614685058
2024-06-18 18:26:00;26.61858219570584;43.79257869720459
2024-06-18 18:27:00;25.294204711914062;42.04075126647949
2024-06-18 18:28:00;19.60235710144043;36.36816291809082
2024-06-18 18:29:00;18.932728481292724;35.6340633392334
2024-06-18 18:30:00;15.383693885803222;30.28774197896321
2024-06-18 18:31:00;12.705177783966064;27.292022132873534
2024-06-18 18:32:00;9.357032680511477;23.287843322753908
2024-06-18 18:33:00;7.415108299255371;22.553742790222167
2024-06-18 18:34:00;7.950811314582824;17.94893684387207
2024-06-18 18:35:00;3.2599176035987005;14.419326888190376
2024-06-18 18:36:00;3.1383694887161253;11.304965019226074
2024-06-18 18:37:00;2.6696290969848637;12.076140117645265
2024-06-18 18:38:00;2.267851638793945;7.137652206420898
2024-06-18 18:39:00;0.3312596559524536;6.203343570232391
2024-06-18 18:40:00;0.1651854515075683;5.192765031542097
2024-06-18 18:41:00;0.1321483612060547;3.1864234473970203
2024-06-18 18:42:00;0.0;0.3
2024-06-18 18:43:00;0.0;0.9667362928390504
2024-06-18 18:44:00;0.0;1.533681583404541
2024-06-18 18:45:00;0.0;0.8663183808326721
2024-06-18 18:46:00;0.0;0.1665273547172546
2024-06-18 18:47:00;0.0;0.0
2024-06-18 18:48:00;0.0;0.0413183867931366
2024-06-18 18:49:00;0.0;0.0
2024-06-18 18:50:00;0.0;0.0
2024-06-18 18:51:00;0.0;0.0
2024-06-18 18:52:00;0.0;0.0
2024-06-18 18:53:00;0.0;0.0
2024-06-18 18:54:00;0.0;0.0
2024-06-18 18:55:00;0.0;0.0
2024-06-18 18:56:00;0.0;0.0
2024-06-18 18:57:00;0.0;0.0
2024-06-18 18:58:00;0.0;0.0
2024-06-18 18:59:00;0.0;0.0
2024-06-18 19:00:00;0.0;0.0
2024-06-18 19:01:00;0.0;0.0
2024-06-18 19:02:00;0.0;0.0
2024-06-18 19:03:00;0.0;0.0
2024-06-18 19:04:00;0.0;0.0
2024-06-18 19:05:00;0.0;0.0
2024-06-18 19:06:00;0.0;0.0
2024-06-18 19:07:00;0.0;0.0
2024-06-18 19:08:00;0.0;0.0
2024-06-18 19:09:00;0.0;0.0
2024-06-18 19:10:00;0.0;0.0
2024-06-18 19:11:00;0.0;0.0
2024-06-18 19:12:00;0.0;0.0
2024-06-18 19:13:00;0.0;0.0
2024-06-18 19:14:00;0.0;0.0
2024-06-18 19:15:00;0.0;0.0
2024-06-18 19:16:00;0.0;0.0
2024-06-18 19:17:00;0.0;0.0
2024-06-18 19:18:00;0.0;0.0
2024-06-18 19:19:00;0.0;0.0
2024-06-18 19:20:00;0.0;0.0
2024-06-18 19:21:00;0.0;0.0
2024-06-18 19:22:00;0.0;0.0
2024-06-18 19:23:00;0.0;0.0
2024-06-18 19:24:00;0.0;0.0
2024-06-18 19:25:00;0.0;0.0
2024-06-18 19:26:00;0.0;0.0
2024-06-18 19:27:00;0.0;0.0
2024-06-18 19:28:00;0.0;0.0
2024-06-18 19:29:00;0.0;0.0
2024-06-18 19:30:00;0.0;0.0
2024-06-18 19:31:00;0.0;0.0
2024-06-18 19:32:00;0.0;0.0
2024-06-18 19:33:00;0.0;0.0
2024-06-18 19:34:00;0.0;0.0
2024-06-18 19:35:00;0.0;0.0
2024-06-18 19:36:00;0.0;0.0
2024-06-18 19:37:00;0.0;0.0
2024-06-18 19:38:00;0.0;0.0
2024-06-18 19:39:00;0.0;0.0
2024-06-18 19:40:00;0.0;0.0
2024-06-18 19:41:00;0.0;0.0
2024-06-18 19:42:00;0.0;0.0
2024-06-18 19:43:00;0.0;0.0
2024-06-18 19:44:00;0.0;0.0
2024-06-18 19:45:00;0.0;0.0
2024-06-18 19:46:00;0.0;0.0
2024-06-18 19:47:00;0.0;0.0
2024-06-18 19:48:00;0.0;0.0
2024-06-18 19:49:00;0.0;0.0
2024-06-18 19:50:00;0.0;0.0
2024-06-18 19:51:00;0.0;0.0
2024-06-18 19:52:00;0.0;0.0
2024-06-18 19:53:00;0.0;0.0
2024-06-18 19:54:00;0.0;0.0
2024-06-18 19:55:00;0.0;0.0
2024-06-18 19:56:00;0.0;0.0
2024-06-18 19:57:00;0.0;0.0
2024-06-18 19:58:00;0.0;0.0
2024-06-18 19:59:00;0.0;0.0
2024-06-18 20:00:00;0.0;0.0
2024-06-18 20:01:00;0.0;0.0
2024-06-18 20:02:00;0.0;0.0
2024-06-18 20:03:00;0.0;0.0
2024-06-18 20:04:00;0.0;0.0
2024-06-18 20:05:00;0.0;0.0
2024-06-18 20:06:00;0.0;0.0
2024-06-18 20:07:00;0.0;0.0
2024-06-18 20:08:00;0.0;0.0
2024-06-18 20:09:00;0.0;0.0
2024-06-18 20:10:00;0.0;0.0
2024-06-18 20:11:00;0.0;0.0
2024-06-18 20:12:00;0.0;0.0
2024-06-18 20:13:00;0.0;0.0
2024-06-18 20:14:00;0.0;0.0
2024-06-18 20:15:00;0.0;0.0
2024-06-18 20:16:00;0.0;0.0
2024-06-18 20:17:00;0.0;0.0
2024-06-18 20:18:00;0.0;0.0
2024-06-18 20:19:00;0.0;0.0
2024-06-18 20:20:00;0.0;0.0
2024-06-18 20:21:00;0.0;0.0
2024-06-18 20:22:00;0.0;0.0
2024-06-18 20:23:00;0.0;0.0
2024-06-18 20:24:00;0.0;0.0
2024-06-18 20:25:00;0.0;0.0
2024-06-18 20:26:00;0.0;0.0
2024-06-18 20:27:00;0.0;0.0
2024-06-18 20:28:00;0.0;0.0
2024-06-18 20:29:00;0.0;0.0
2024-06-18 20:30:00;0.0;0.0
2024-06-18 20:31:00;0.0;0.0
2024-06-18 20:32:00;0.0;0.0
2024-06-18 20:33:00;0.0;0.0
2024-06-18 20:34:00;0.0;0.0
2024-06-18 20:35:00;0.0;0.0
2024-06-18 20:36:00;0.0;0.0
2024-06-18 20:37:00;0.0;0.0
2024-06-18 20:38:00;0.0;0.0
2024-06-18 20:39:00;0.0;0.0
2024-06-18 20:40:00;0.0;0.0
2024-06-18 20:41:00;0.0;0.0
2024-06-18 20:42:00;0.0;0.0
2024-06-18 20:43:00;0.0;0.0
2024-06-18 20:44:00;0.0;0.0
2024-06-18 20:45:00;0.0;0.0
2024-06-18 20:46:00;0.0;0.0
2024-06-18 20:47:00;0.0;0.0
2024-06-18 20:48:00;0.0;0.0
2024-06-18 20:49:00;0.0;0.0
2024-06-18 20:50:00;0.0;0.0
2024-06-18 20:51:00;0.0;0.0
2024-06-18 20:52:00;0.0;0.0
2024-06-18 20:53:00;0.0;0.0
2024-06-18 20:54:00;0.0;0.0
2024-06-18 20:55:00;0.0;0.0
2024-06-18 20:56:00;0.0;0.0
2024-06-18 20:57:00;0.0;0.0
2024-06-18 20:58:00;0.0;0.0
2024-06-18 20:59:00;0.0;0.0
2024-06-18 21:00:00;0.0;0.0
2024-06-18 21:01:00;0.0;0.0
2024-06-18 21:02:00;0.0;0.0
2024-06-18 21:03:00;0.0;0.0
2024-06-18 21:04:00;0.0;0.0
2024-06-18 21:05:00;0.0;0.0
2024-06-18 21:06:00;0.0;0.0
2024-06-18 21:07:00;0.0;0.0
2024-06-18 21:08:00;0.0;0.0
2024-06-18 21:09:00;0.0;0.0
2024-06-18 21:10:00;0.0;0.0
2024-06-18 21:11:00;0.0;0.0
2024-06-18 21:12:00;0.0;0.0
2024-06-18 21:13:00;0.0;0.0
2024-06-18 21:14:00;0.0;0.0
2024-06-18 21:15:00;0.0;0.0
2024-06-18 21:16:00;0.0;0.0
2024-06-18 21:17:00;0.0;0.0
2024-06-18 21:18:00;0.0;0.0
2024-06-18 21:19:00;0.0;0.0
2024-06-18 21:20:00;0.0;0.0
2024-06-18 21:21:00;0.0;0.0
2024-06-18 21:22:00;0.0;0.0
2024-06-18 21:23:00;0.0;0.0
2024-06-18 21:24:00;0.0;0.0
2024-06-18 21:25:00;0.0;0.0
2024-06-18 21:26:00;0.0;0.0
2024-06-18 21:27:00;0.0;0.0
2024-06-18 21:28:00;0.0;0.0
2024-06-18 21:29:00;0.0;0.0
2024-06-18 21:30:00;0.0;0.0
2024-06-18 21:31:00;0.0;0.0
2024-06-18 21:32:00;0.0;0.0
2024-06-18 21:33:00;0.0;0.0
2024-06-18 21:34:00;0.0;0.0
2024-06-18 21:35:00;0.0;0.0
2024-06-18 21:36:00;0.0;0.0
2024-06-18 21:37:00;0.0;0.0
2024-06-18 21:38:00;0.0;0.0
2024-06-18 21:39:00;0.0;0.0
2024-06-18 21:40:00;0.0;0.0
2024-06-18 21:41:00;0.0;0.0
2024-06-18 21:42:00;0.0;0.0
2024-06-18 21:43:00;0.0;0.0
2024-06-18 21:44:00;0.0;0.0
2024-06-18 21:45:00;0.0;0.0
2024-06-18 21:46:00;0.0;0.0
2024-06-18 21:47:00;0.0;0.0
2024-06-18 21:48:00;0.0;0.0
2024-06-18 21:49:00;0.0;0.0
2024-06-18 21:50:00;0.0;0.0
2024-06-18 21:51:00;0.0;0.0
2024-06-18 21:52:00;0.0;0.0
2024-06-18 21:53:00;0.0;0.0
2024-06-18 21:54:00;0.0;0.0
2024-06-18 21:55:00;0.0;0.0
2024-06-18 21:56:00;0.0;0.0
2024-06-18 21:57:00;0.0;0.0
2024-06-18 21:58:00;0.0;0.0
2024-06-18 21:59:00;0.0;0.0
2024-06-18 22:00:00;0.0;0.0
2024-06-18 22:01:00;0.0;0.0
2024-06-18 22:02:00;0.0;0.0
2024-06-18 22:03:00;0.0;0.0
2024-06-18 22:04:00;0.0;0.0
2024-06-18 22:05:00;0.0;0.0
2024-06-18 22:06:00;0.0;0.0
2024-06-18 22:07:00;0.0;0.0
2024-06-18 22:08:00;0.0;0.0
2024-06-18 22:09:00;0.0;0.0
2024-06-18 22:10:00;0.0;0.0
2024-06-18 22:11:00;0.0;0.0
2024-06-18 22:12:00;0.0;0.0
2024-06-18 22:13:00;0.0;0.0
2024-06-18 22:14:00;0.0;0.0
2024-06-18 22:15:00;0.0;0.0
2024-06-18 22:16:00;0.0;0.0
2024-06-18 22:17:00;0.0;0.0
2024-06-18 22:18:00;0.0;0.0
2024-06-18 22:19:00;0.0;0.0
2024-06-18 22:20:00;0.0;0.0
2024-06-18 22:21:00;0.0;0.0
2024-06-18 22:22:00;0.0;0.0
2024-06-18 22:23:00;0.0;0.0
2024-06-18 22:24:00;0.0;0.0
2024-06-18 22:25:00;0.0;0.0
2024-06-18 22:26:00;0.0;0.0
2024-06-18 22:27:00;0.0;0.0
2024-06-18 22:28:00;0.0;0.0
2024-06-18 22:29:00;0.0;0.0
2024-06-18 22:30:00;0.0;0.0
2024-06-18 22:31:00;0.0;0.0
2024-06-18 22:32:00;0.0;0.0
2024-06-18 22:33:00;0.0;0.0
2024-06-18 22:34:00;0.0;0.0
2024-06-18 22:35:00;0.0;0.0
2024-06-18 22:36:00;0.0;0.0
2024-06-18 22:37:00;0.0;0.0
2024-06-18 22:38:00;0.0;0.0
2024-06-18 22:39:00;0.0;0.0
2024-06-18 22:40:00;0.0;0.0
2024-06-18 22:41:00;0.0;0.0
2024-06-18 22:42:00;0.0;0.0
2024-06-18 22:43:00;0.0;0.0
2024-06-18 22:44:00;0.0;0.0
2024-06-18 22:45:00;0.0;0.0
2024-06-18 22:46:00;0.0;0.0
2024-06-18 22:47:00;0.0;0.0
2024-06-18 22:48:00;0.0;0.0
2024-06-18 22:49:00;0.0;0.0
2024-06-18 22:50:00;0.0;0.0
2024-06-18 22:51:00;0.0;0.0
2024-06-18 22:52:00;0.0;0.0
2024-06-18 22:53:00;0.0;0.0
2024-06-18 22:54:00;0.0;0.0
2024-06-18 22:55:00;0.0;0.0
2024-06-18 22:56:00;0.0;0.0
2024-06-18 22:57:00;0.0;0.0
2024-06-18 22:58:00;0.0;0.0
2024-06-18 22:59:00;0.0;0.0
2024-06-18 23:00:00;0.0;0.0
2024-06-18 23:01:00;0.0;0.0
2024-06-18 23:02:00;0.0;0.0
2024-06-18 23:03:00;0.0;0.0
2024-06-18 23:04:00;0.0;0.0
2024-06-18 23:05:00;0.0;0.0
2024-06-18 23:06:00;0.0;0.0
2024-06-18 23:07:00;0.0;0.0
2024-06-18 23:08:00;0.0;0.0
2024-06-18 23:09:00;0.0;0.0
2024-06-18 23:10:00;0.0;0.0
2024-06-18 23:11:00;0.0;0.0
2024-06-18 23:12:00;0.0;0.0
2024-06-18 23:13:00;0.0;0.0
2024-06-18 23:14:00;0.0;0.0
2024-06-18 23:15:00;0.0;0.0
2024-06-18 23:16:00;0.0;0.0
2024-06-18 23:17:00;0.0;0.0
2024-06-18 23:18:00;0.0;0.0
2024-06-18 23:19:00;0.0;0.0
2024-06-18 23:20:00;0.0;0.0
2024-06-18 23:21:00;0.0;0.0
2024-06-18 23:22:00;0.0;0.0
2024-06-18 23:23:00;0.0;0.0
2024-06-18 23:24:00;0.0;0.0
2024-06-18 23:25:00;0.0;0.0
2024-06-18 23:26:00;0.0;0.0
2024-06-18 23:27:00;0.0;0.0
2024-06-18 23:28:00;0.0;0.0
2024-06-18 23:29:00;0.0;0.0
2024-06-18 23:30:00;0.0;0.0
2024-06-18 23:31:00;0.0;0.0
2024-06-18 23:32:00;0.0;0.0
2024-06-18 23:33:00;0.0;0.0
2024-06-18 23:34:00;0.0;0.0
2024-06-18 23:35:00;0.0;0.0
2024-06-18 23:36:00;0.0;0.0
2024-06-18 23:37:00;0.0;0.0
2024-06-18 23:38:00;0.0;0.0
2024-06-18 23:39:00;0.0;0.0
2024-06-18 23:40:00;0.0;0.0
2024-06-18 23:41:00;0.0;0.0
2024-06-18 23:42:00;0.0;0.0
2024-06-18 23:43:00;0.0;0.0
2024-06-18 23:44:00;0.0;0.0
2024-06-18 23:45:00;0.0;0.0
2024-06-18 23:46:00;0.0;0.0
2024-06-18 23:47:00;0.0;0.0
2024-06-18 23:48:00;0.0;0.0
2024-06-18 23:49:00;0.0;0.0
2024-06-18 23:50:00;0.0;0.0
2024-06-18 23:51:00;0.0;0.0
2024-06-18 23:52:00;0.0;0.0
2024-06-18 23:53:00;0.0;0.0
2024-06-18 23:54:00;0.0;0.0
2024-06-18 23:55:00;0.0;0.0
2024-06-18 23:56:00;0.0;0.0
2024-06-18 23:57:00;0.0;0.0
2024-06-18 23:58:00;0.0;0.0
2024-06-18 23:59:00;0.0;0.0
