;Date;INV2;Sine;dINV2
0;2024-11-25 00:00:00;0.0;0.0;0.0
1;2024-11-25 00:01:00;0.0;0.0;0.0
2;2024-11-25 00:02:00;0.0;0.0;0.0
3;2024-11-25 00:03:00;0.0;0.0;0.0
4;2024-11-25 00:04:00;0.0;0.0;0.0
5;2024-11-25 00:05:00;0.0;0.0;0.0
6;2024-11-25 00:06:00;0.0;0.0;0.0
7;2024-11-25 00:07:00;0.0;0.0;0.0
8;2024-11-25 00:08:00;0.0;0.0;0.0
9;2024-11-25 00:09:00;0.0;0.0;0.0
10;2024-11-25 00:10:00;0.0;0.0;0.0
11;2024-11-25 00:11:00;0.0;0.0;0.0
12;2024-11-25 00:12:00;0.0;0.0;0.0
13;2024-11-25 00:13:00;0.0;0.0;0.0
14;2024-11-25 00:14:00;0.0;0.0;0.0
15;2024-11-25 00:15:00;0.0;0.0;0.0
16;2024-11-25 00:16:00;0.0;0.0;0.0
17;2024-11-25 00:17:00;0.0;0.0;0.0
18;2024-11-25 00:18:00;0.0;0.0;0.0
19;2024-11-25 00:19:00;0.0;0.0;0.0
20;2024-11-25 00:20:00;0.0;0.0;0.0
21;2024-11-25 00:21:00;0.0;0.0;0.0
22;2024-11-25 00:22:00;0.0;0.0;0.0
23;2024-11-25 00:23:00;0.0;0.0;0.0
24;2024-11-25 00:24:00;0.0;0.0;0.0
25;2024-11-25 00:25:00;0.0;0.0;0.0
26;2024-11-25 00:26:00;0.0;0.0;0.0
27;2024-11-25 00:27:00;0.0;0.0;0.0
28;2024-11-25 00:28:00;0.0;0.0;0.0
29;2024-11-25 00:29:00;0.0;0.0;0.0
30;2024-11-25 00:30:00;0.0;0.0;0.0
31;2024-11-25 00:31:00;0.0;0.0;0.0
32;2024-11-25 00:32:00;0.0;0.0;0.0
33;2024-11-25 00:33:00;0.0;0.0;0.0
34;2024-11-25 00:34:00;0.0;0.0;0.0
35;2024-11-25 00:35:00;0.0;0.0;0.0
36;2024-11-25 00:36:00;0.0;0.0;0.0
37;2024-11-25 00:37:00;0.0;0.0;0.0
38;2024-11-25 00:38:00;0.0;0.0;0.0
39;2024-11-25 00:39:00;0.0;0.0;0.0
40;2024-11-25 00:40:00;0.0;0.0;0.0
41;2024-11-25 00:41:00;0.0;0.0;0.0
42;2024-11-25 00:42:00;0.0;0.0;0.0
43;2024-11-25 00:43:00;0.0;0.0;0.0
44;2024-11-25 00:44:00;0.0;0.0;0.0
45;2024-11-25 00:45:00;0.0;0.0;0.0
46;2024-11-25 00:46:00;0.0;0.0;0.0
47;2024-11-25 00:47:00;0.0;0.0;0.0
48;2024-11-25 00:48:00;0.0;0.0;0.0
49;2024-11-25 00:49:00;0.0;0.0;0.0
50;2024-11-25 00:50:00;0.0;0.0;0.0
51;2024-11-25 00:51:00;0.0;0.0;0.0
52;2024-11-25 00:52:00;0.0;0.0;0.0
53;2024-11-25 00:53:00;0.0;0.0;0.0
54;2024-11-25 00:54:00;0.0;0.0;0.0
55;2024-11-25 00:55:00;0.0;0.0;0.0
56;2024-11-25 00:56:00;0.0;0.0;0.0
57;2024-11-25 00:57:00;0.0;0.0;0.0
58;2024-11-25 00:58:00;0.0;0.0;0.0
59;2024-11-25 00:59:00;0.0;0.0;0.0
60;2024-11-25 01:00:00;0.0;0.0;0.0
61;2024-11-25 01:01:00;0.0;0.0;0.0
62;2024-11-25 01:02:00;0.0;0.0;0.0
63;2024-11-25 01:03:00;0.0;0.0;0.0
64;2024-11-25 01:04:00;0.0;0.0;0.0
65;2024-11-25 01:05:00;0.0;0.0;0.0
66;2024-11-25 01:06:00;0.0;0.0;0.0
67;2024-11-25 01:07:00;0.0;0.0;0.0
68;2024-11-25 01:08:00;0.0;0.0;0.0
69;2024-11-25 01:09:00;0.0;0.0;0.0
70;2024-11-25 01:10:00;0.0;0.0;0.0
71;2024-11-25 01:11:00;0.0;0.0;0.0
72;2024-11-25 01:12:00;0.0;0.0;0.0
73;2024-11-25 01:13:00;0.0;0.0;0.0
74;2024-11-25 01:14:00;0.0;0.0;0.0
75;2024-11-25 01:15:00;0.0;0.0;0.0
76;2024-11-25 01:16:00;0.0;0.0;0.0
77;2024-11-25 01:17:00;0.0;0.0;0.0
78;2024-11-25 01:18:00;0.0;0.0;0.0
79;2024-11-25 01:19:00;0.0;0.0;0.0
80;2024-11-25 01:20:00;0.0;0.0;0.0
81;2024-11-25 01:21:00;0.0;0.0;0.0
82;2024-11-25 01:22:00;0.0;0.0;0.0
83;2024-11-25 01:23:00;0.0;0.0;0.0
84;2024-11-25 01:24:00;0.0;0.0;0.0
85;2024-11-25 01:25:00;0.0;0.0;0.0
86;2024-11-25 01:26:00;0.0;0.0;0.0
87;2024-11-25 01:27:00;0.0;0.0;0.0
88;2024-11-25 01:28:00;0.0;0.0;0.0
89;2024-11-25 01:29:00;0.0;0.0;0.0
90;2024-11-25 01:30:00;0.0;0.0;0.0
91;2024-11-25 01:31:00;0.0;0.0;0.0
92;2024-11-25 01:32:00;0.0;0.0;0.0
93;2024-11-25 01:33:00;0.0;0.0;0.0
94;2024-11-25 01:34:00;0.0;0.0;0.0
95;2024-11-25 01:35:00;0.0;0.0;0.0
96;2024-11-25 01:36:00;0.0;0.0;0.0
97;2024-11-25 01:37:00;0.0;0.0;0.0
98;2024-11-25 01:38:00;0.0;0.0;0.0
99;2024-11-25 01:39:00;0.0;0.0;0.0
100;2024-11-25 01:40:00;0.0;0.0;0.0
101;2024-11-25 01:41:00;0.0;0.0;0.0
102;2024-11-25 01:42:00;0.0;0.0;0.0
103;2024-11-25 01:43:00;0.0;0.0;0.0
104;2024-11-25 01:44:00;0.0;0.0;0.0
105;2024-11-25 01:45:00;0.0;0.0;0.0
106;2024-11-25 01:46:00;0.0;0.0;0.0
107;2024-11-25 01:47:00;0.0;0.0;0.0
108;2024-11-25 01:48:00;0.0;0.0;0.0
109;2024-11-25 01:49:00;0.0;0.0;0.0
110;2024-11-25 01:50:00;0.0;0.0;0.0
111;2024-11-25 01:51:00;0.0;0.0;0.0
112;2024-11-25 01:52:00;0.0;0.0;0.0
113;2024-11-25 01:53:00;0.0;0.0;0.0
114;2024-11-25 01:54:00;0.0;0.0;0.0
115;2024-11-25 01:55:00;0.0;0.0;0.0
116;2024-11-25 01:56:00;0.0;0.0;0.0
117;2024-11-25 01:57:00;0.0;0.0;0.0
118;2024-11-25 01:58:00;0.0;0.0;0.0
119;2024-11-25 01:59:00;0.0;0.0;0.0
120;2024-11-25 02:00:00;0.0;0.0;0.0
121;2024-11-25 02:01:00;0.0;0.0;0.0
122;2024-11-25 02:02:00;0.0;0.0;0.0
123;2024-11-25 02:03:00;0.0;0.0;0.0
124;2024-11-25 02:04:00;0.0;0.0;0.0
125;2024-11-25 02:05:00;0.0;0.0;0.0
126;2024-11-25 02:06:00;0.0;0.0;0.0
127;2024-11-25 02:07:00;0.0;0.0;0.0
128;2024-11-25 02:08:00;0.0;0.0;0.0
129;2024-11-25 02:09:00;0.0;0.0;0.0
130;2024-11-25 02:10:00;0.0;0.0;0.0
131;2024-11-25 02:11:00;0.0;0.0;0.0
132;2024-11-25 02:12:00;0.0;0.0;0.0
133;2024-11-25 02:13:00;0.0;0.0;0.0
134;2024-11-25 02:14:00;0.0;0.0;0.0
135;2024-11-25 02:15:00;0.0;0.0;0.0
136;2024-11-25 02:16:00;0.0;0.0;0.0
137;2024-11-25 02:17:00;0.0;0.0;0.0
138;2024-11-25 02:18:00;0.0;0.0;0.0
139;2024-11-25 02:19:00;0.0;0.0;0.0
140;2024-11-25 02:20:00;0.0;0.0;0.0
141;2024-11-25 02:21:00;0.0;0.0;0.0
142;2024-11-25 02:22:00;0.0;0.0;0.0
143;2024-11-25 02:23:00;0.0;0.0;0.0
144;2024-11-25 02:24:00;0.0;0.0;0.0
145;2024-11-25 02:25:00;0.0;0.0;0.0
146;2024-11-25 02:26:00;0.0;0.0;0.0
147;2024-11-25 02:27:00;0.0;0.0;0.0
148;2024-11-25 02:28:00;0.0;0.0;0.0
149;2024-11-25 02:29:00;0.0;0.0;0.0
150;2024-11-25 02:30:00;0.0;0.0;0.0
151;2024-11-25 02:31:00;0.0;0.0;0.0
152;2024-11-25 02:32:00;0.0;0.0;0.0
153;2024-11-25 02:33:00;0.0;0.0;0.0
154;2024-11-25 02:34:00;0.0;0.0;0.0
155;2024-11-25 02:35:00;0.0;0.0;0.0
156;2024-11-25 02:36:00;0.0;0.0;0.0
157;2024-11-25 02:37:00;0.0;0.0;0.0
158;2024-11-25 02:38:00;0.0;0.0;0.0
159;2024-11-25 02:39:00;0.0;0.0;0.0
160;2024-11-25 02:40:00;0.0;0.0;0.0
161;2024-11-25 02:41:00;0.0;0.0;0.0
162;2024-11-25 02:42:00;0.0;0.0;0.0
163;2024-11-25 02:43:00;0.0;0.0;0.0
164;2024-11-25 02:44:00;0.0;0.0;0.0
165;2024-11-25 02:45:00;0.0;0.0;0.0
166;2024-11-25 02:46:00;0.0;0.0;0.0
167;2024-11-25 02:47:00;0.0;0.0;0.0
168;2024-11-25 02:48:00;0.0;0.0;0.0
169;2024-11-25 02:49:00;0.0;0.0;0.0
170;2024-11-25 02:50:00;0.0;0.0;0.0
171;2024-11-25 02:51:00;0.0;0.0;0.0
172;2024-11-25 02:52:00;0.0;0.0;0.0
173;2024-11-25 02:53:00;0.0;0.0;0.0
174;2024-11-25 02:54:00;0.0;0.0;0.0
175;2024-11-25 02:55:00;0.0;0.0;0.0
176;2024-11-25 02:56:00;0.0;0.0;0.0
177;2024-11-25 02:57:00;0.0;0.0;0.0
178;2024-11-25 02:58:00;0.0;0.0;0.0
179;2024-11-25 02:59:00;0.0;0.0;0.0
180;2024-11-25 03:00:00;0.0;0.0;0.0
181;2024-11-25 03:01:00;0.0;0.0;0.0
182;2024-11-25 03:02:00;0.0;0.0;0.0
183;2024-11-25 03:03:00;0.0;0.0;0.0
184;2024-11-25 03:04:00;0.0;0.0;0.0
185;2024-11-25 03:05:00;0.0;0.0;0.0
186;2024-11-25 03:06:00;0.0;0.0;0.0
187;2024-11-25 03:07:00;0.0;0.0;0.0
188;2024-11-25 03:08:00;0.0;0.0;0.0
189;2024-11-25 03:09:00;0.0;0.0;0.0
190;2024-11-25 03:10:00;0.0;0.0;0.0
191;2024-11-25 03:11:00;0.0;0.0;0.0
192;2024-11-25 03:12:00;0.0;0.0;0.0
193;2024-11-25 03:13:00;0.0;0.0;0.0
194;2024-11-25 03:14:00;0.0;0.0;0.0
195;2024-11-25 03:15:00;0.0;0.0;0.0
196;2024-11-25 03:16:00;0.0;0.0;0.0
197;2024-11-25 03:17:00;0.0;0.0;0.0
198;2024-11-25 03:18:00;0.0;0.0;0.0
199;2024-11-25 03:19:00;0.0;0.0;0.0
200;2024-11-25 03:20:00;0.0;0.0;0.0
201;2024-11-25 03:21:00;0.0;0.0;0.0
202;2024-11-25 03:22:00;0.0;0.0;0.0
203;2024-11-25 03:23:00;0.0;0.0;0.0
204;2024-11-25 03:24:00;0.0;0.0;0.0
205;2024-11-25 03:25:00;0.0;0.0;0.0
206;2024-11-25 03:26:00;0.0;0.0;0.0
207;2024-11-25 03:27:00;0.0;0.0;0.0
208;2024-11-25 03:28:00;0.0;0.0;0.0
209;2024-11-25 03:29:00;0.0;0.0;0.0
210;2024-11-25 03:30:00;0.0;0.0;0.0
211;2024-11-25 03:31:00;0.0;0.0;0.0
212;2024-11-25 03:32:00;0.0;0.0;0.0
213;2024-11-25 03:33:00;0.0;0.0;0.0
214;2024-11-25 03:34:00;0.0;0.0;0.0
215;2024-11-25 03:35:00;0.0;0.0;0.0
216;2024-11-25 03:36:00;0.0;0.0;0.0
217;2024-11-25 03:37:00;0.0;0.0;0.0
218;2024-11-25 03:38:00;0.0;0.0;0.0
219;2024-11-25 03:39:00;0.0;0.0;0.0
220;2024-11-25 03:40:00;0.0;0.0;0.0
221;2024-11-25 03:41:00;0.0;0.0;0.0
222;2024-11-25 03:42:00;0.0;0.0;0.0
223;2024-11-25 03:43:00;0.0;0.0;0.0
224;2024-11-25 03:44:00;0.0;0.0;0.0
225;2024-11-25 03:45:00;0.0;0.0;0.0
226;2024-11-25 03:46:00;0.0;0.0;0.0
227;2024-11-25 03:47:00;0.0;0.0;0.0
228;2024-11-25 03:48:00;0.0;0.0;0.0
229;2024-11-25 03:49:00;0.0;0.0;0.0
230;2024-11-25 03:50:00;0.0;0.0;0.0
231;2024-11-25 03:51:00;0.0;0.0;0.0
232;2024-11-25 03:52:00;0.0;0.0;0.0
233;2024-11-25 03:53:00;0.0;0.0;0.0
234;2024-11-25 03:54:00;0.0;0.0;0.0
235;2024-11-25 03:55:00;0.0;0.0;0.0
236;2024-11-25 03:56:00;0.0;0.0;0.0
237;2024-11-25 03:57:00;0.0;0.0;0.0
238;2024-11-25 03:58:00;0.0;0.0;0.0
239;2024-11-25 03:59:00;0.0;0.0;0.0
240;2024-11-25 04:00:00;0.0;0.0;0.0
241;2024-11-25 04:01:00;0.0;0.0;0.0
242;2024-11-25 04:02:00;0.0;0.0;0.0
243;2024-11-25 04:03:00;0.0;0.0;0.0
244;2024-11-25 04:04:00;0.0;0.0;0.0
245;2024-11-25 04:05:00;0.0;0.0;0.0
246;2024-11-25 04:06:00;0.0;0.0;0.0
247;2024-11-25 04:07:00;0.0;0.0;0.0
248;2024-11-25 04:08:00;0.0;0.0;0.0
249;2024-11-25 04:09:00;0.0;0.0;0.0
250;2024-11-25 04:10:00;0.0;0.0;0.0
251;2024-11-25 04:11:00;0.0;0.0;0.0
252;2024-11-25 04:12:00;0.0;0.0;0.0
253;2024-11-25 04:13:00;0.0;0.0;0.0
254;2024-11-25 04:14:00;0.0;0.0;0.0
255;2024-11-25 04:15:00;0.0;0.0;0.0
256;2024-11-25 04:16:00;0.0;0.0;0.0
257;2024-11-25 04:17:00;0.0;0.0;0.0
258;2024-11-25 04:18:00;0.0;0.0;0.0
259;2024-11-25 04:19:00;0.0;0.0;0.0
260;2024-11-25 04:20:00;0.0;0.0;0.0
261;2024-11-25 04:21:00;0.0;0.0;0.0
262;2024-11-25 04:22:00;0.0;0.0;0.0
263;2024-11-25 04:23:00;0.0;0.0;0.0
264;2024-11-25 04:24:00;0.0;0.0;0.0
265;2024-11-25 04:25:00;0.0;0.0;0.0
266;2024-11-25 04:26:00;0.0;0.0;0.0
267;2024-11-25 04:27:00;0.0;0.0;0.0
268;2024-11-25 04:28:00;0.0;0.0;0.0
269;2024-11-25 04:29:00;0.0;0.0;0.0
270;2024-11-25 04:30:00;0.0;0.0;0.0
271;2024-11-25 04:31:00;0.0;0.0;0.0
272;2024-11-25 04:32:00;0.0;0.0;0.0
273;2024-11-25 04:33:00;0.0;0.0;0.0
274;2024-11-25 04:34:00;0.0;0.0;0.0
275;2024-11-25 04:35:00;0.0;0.0;0.0
276;2024-11-25 04:36:00;0.0;0.0;0.0
277;2024-11-25 04:37:00;0.0;0.0;0.0
278;2024-11-25 04:38:00;0.0;0.0;0.0
279;2024-11-25 04:39:00;0.0;0.0;0.0
280;2024-11-25 04:40:00;0.0;0.0;0.0
281;2024-11-25 04:41:00;0.0;0.0;0.0
282;2024-11-25 04:42:00;0.0;0.0;0.0
283;2024-11-25 04:43:00;0.0;0.0;0.0
284;2024-11-25 04:44:00;0.0;0.0;0.0
285;2024-11-25 04:45:00;0.0;0.0;0.0
286;2024-11-25 04:46:00;0.0;0.0;0.0
287;2024-11-25 04:47:00;0.0;0.0;0.0
288;2024-11-25 04:48:00;0.0;0.0;0.0
289;2024-11-25 04:49:00;0.0;0.0;0.0
290;2024-11-25 04:50:00;0.0;0.0;0.0
291;2024-11-25 04:51:00;0.0;0.0;0.0
292;2024-11-25 04:52:00;0.0;0.0;0.0
293;2024-11-25 04:53:00;0.0;0.0;0.0
294;2024-11-25 04:54:00;0.0;0.0;0.0
295;2024-11-25 04:55:00;0.0;0.0;0.0
296;2024-11-25 04:56:00;0.0;0.0;0.0
297;2024-11-25 04:57:00;0.0;0.0;0.0
298;2024-11-25 04:58:00;0.0;0.0;0.0
299;2024-11-25 04:59:00;0.0;0.0;0.0
300;2024-11-25 05:00:00;0.0;0.0;0.0
301;2024-11-25 05:01:00;0.0;0.0;0.0
302;2024-11-25 05:02:00;0.0;0.0;0.0
303;2024-11-25 05:03:00;0.0;0.0;0.0
304;2024-11-25 05:04:00;0.0;0.0;0.0
305;2024-11-25 05:05:00;0.0;0.0;0.0
306;2024-11-25 05:06:00;0.0;0.0;0.0
307;2024-11-25 05:07:00;0.0;0.0;0.0
308;2024-11-25 05:08:00;0.0;0.0;0.0
309;2024-11-25 05:09:00;0.0;0.0;0.0
310;2024-11-25 05:10:00;0.0;0.0;0.0
311;2024-11-25 05:11:00;0.0;0.0;0.0
312;2024-11-25 05:12:00;0.0;0.0;0.0
313;2024-11-25 05:13:00;0.0;0.0;0.0
314;2024-11-25 05:14:00;0.0;0.0;0.0
315;2024-11-25 05:15:00;0.0;0.0;0.0
316;2024-11-25 05:16:00;0.0;0.0;0.0
317;2024-11-25 05:17:00;0.0;0.0;0.0
318;2024-11-25 05:18:00;0.0;0.0;0.0
319;2024-11-25 05:19:00;0.0;0.0;0.0
320;2024-11-25 05:20:00;0.0;0.0;0.0
321;2024-11-25 05:21:00;0.0;0.0;0.0
322;2024-11-25 05:22:00;0.0;0.0;0.0
323;2024-11-25 05:23:00;0.0;0.0;0.0
324;2024-11-25 05:24:00;0.0;0.0;0.0
325;2024-11-25 05:25:00;0.0;0.0;0.0
326;2024-11-25 05:26:00;0.0;0.0;0.0
327;2024-11-25 05:27:00;0.0;0.0;0.0
328;2024-11-25 05:28:00;0.0;0.0;0.0
329;2024-11-25 05:29:00;0.0;0.0;0.0
330;2024-11-25 05:30:00;0.0;0.0;0.0
331;2024-11-25 05:31:00;0.0;0.0;0.0
332;2024-11-25 05:32:00;0.0;0.0;0.0
333;2024-11-25 05:33:00;0.0;0.0;0.0
334;2024-11-25 05:34:00;0.0;0.0;0.0
335;2024-11-25 05:35:00;0.0;0.0;0.0
336;2024-11-25 05:36:00;0.0;0.0;0.0
337;2024-11-25 05:37:00;0.0;0.0;0.0
338;2024-11-25 05:38:00;0.0;0.0;0.0
339;2024-11-25 05:39:00;0.0;0.0;0.0
340;2024-11-25 05:40:00;0.0;0.0;0.0
341;2024-11-25 05:41:00;0.0;0.0;0.0
342;2024-11-25 05:42:00;0.0;0.0;0.0
343;2024-11-25 05:43:00;0.0;0.0;0.0
344;2024-11-25 05:44:00;0.0;0.0;0.0
345;2024-11-25 05:45:00;0.0;0.0;0.0
346;2024-11-25 05:46:00;0.0;0.0;0.0
347;2024-11-25 05:47:00;0.0;0.0;0.0
348;2024-11-25 05:48:00;0.0;0.0;0.0
349;2024-11-25 05:49:00;0.0;0.0;0.0
350;2024-11-25 05:50:00;0.0;0.0;0.0
351;2024-11-25 05:51:00;0.0;0.0;0.0
352;2024-11-25 05:52:00;0.0;0.0;0.0
353;2024-11-25 05:53:00;0.0;0.0;0.0
354;2024-11-25 05:54:00;0.0;0.0;0.0
355;2024-11-25 05:55:00;0.0;0.0;0.0
356;2024-11-25 05:56:00;0.0;0.0;0.0
357;2024-11-25 05:57:00;0.0;0.0;0.0
358;2024-11-25 05:58:00;0.0;0.0;0.0
359;2024-11-25 05:59:00;0.0;0.0;0.0
360;2024-11-25 06:00:00;0.0;0.0;0.0
361;2024-11-25 06:01:00;0.0;0.0;0.0
362;2024-11-25 06:02:00;0.0;0.0;0.0
363;2024-11-25 06:03:00;0.0;0.0;0.0
364;2024-11-25 06:04:00;0.0;0.0;0.0
365;2024-11-25 06:05:00;0.0;0.0;0.0
366;2024-11-25 06:06:00;0.0;0.0;0.0
367;2024-11-25 06:07:00;0.0;0.0;0.0
368;2024-11-25 06:08:00;0.0;0.0;0.0
369;2024-11-25 06:09:00;0.0;0.0;0.0
370;2024-11-25 06:10:00;0.0;0.0;0.0
371;2024-11-25 06:11:00;0.0;0.0;0.0
372;2024-11-25 06:12:00;0.0;0.0;0.0
373;2024-11-25 06:13:00;0.0;0.0;0.0
374;2024-11-25 06:14:00;0.0;0.0;0.0
375;2024-11-25 06:15:00;0.0;0.0;0.0
376;2024-11-25 06:16:00;0.0;0.0;0.0
377;2024-11-25 06:17:00;0.0;0.0;0.0
378;2024-11-25 06:18:00;0.0;0.0;0.0
379;2024-11-25 06:19:00;0.0;0.0;0.0
380;2024-11-25 06:20:00;0.0;0.0;0.0
381;2024-11-25 06:21:00;0.0;0.0;0.0
382;2024-11-25 06:22:00;0.0;0.0;0.0
383;2024-11-25 06:23:00;0.0;0.0;0.0
384;2024-11-25 06:24:00;0.0;0.0;0.0
385;2024-11-25 06:25:00;0.0;0.0;0.0
386;2024-11-25 06:26:00;0.0;0.0;0.0
387;2024-11-25 06:27:00;0.0;0.0;0.0
388;2024-11-25 06:28:00;0.0;0.0;0.0
389;2024-11-25 06:29:00;0.0;0.0;0.0
390;2024-11-25 06:30:00;0.0;0.0;0.0
391;2024-11-25 06:31:00;0.0;0.0;0.0
392;2024-11-25 06:32:00;0.0;0.0;0.0
393;2024-11-25 06:33:00;0.0;0.0;0.0
394;2024-11-25 06:34:00;0.0;0.0;0.0
395;2024-11-25 06:35:00;0.0;0.0;0.0
396;2024-11-25 06:36:00;0.0;0.0;0.0
397;2024-11-25 06:37:00;0.0;0.0;0.0
398;2024-11-25 06:38:00;0.0;0.0;0.0
399;2024-11-25 06:39:00;0.0;0.0;0.0
400;2024-11-25 06:40:00;0.0;0.0;0.0
401;2024-11-25 06:41:00;0.0;0.0;0.0
402;2024-11-25 06:42:00;0.0;0.0;0.0
403;2024-11-25 06:43:00;0.0;0.0;0.0
404;2024-11-25 06:44:00;0.0;0.0;0.0
405;2024-11-25 06:45:00;0.0;0.0;0.0
406;2024-11-25 06:46:00;0.0;0.0;0.0
407;2024-11-25 06:47:00;0.0;0.0;0.0
408;2024-11-25 06:48:00;0.0;0.0;0.0
409;2024-11-25 06:49:00;0.0;0.0;0.0
410;2024-11-25 06:50:00;0.0;0.0;0.0
411;2024-11-25 06:51:00;0.0;0.0;0.0
412;2024-11-25 06:52:00;0.1468315124511718;0.0;0.1468315124511718
413;2024-11-25 06:53:00;0.7312596559524536;0.0;0.7312596559524536
414;2024-11-25 06:54:00;1.9330370903015135;0.0;1.9330370903015135
415;2024-11-25 06:55:00;2.300575362311469;0.0;2.300575362311469
416;2024-11-25 06:56:00;1.9330370903015135;0.0;1.9330370903015135
417;2024-11-25 06:57:00;6.157693571514553;0.0;6.157693571514553
418;2024-11-25 06:58:00;9.13382297092014;0.0;9.13382297092014
419;2024-11-25 06:59:00;9.557921600341796;0.0;9.557921600341796
420;2024-11-25 07:00:00;14.862871170043944;0.0;14.862871170043944
421;2024-11-25 07:01:00;18.26309928894043;0.0;18.26309928894043
422;2024-11-25 07:02:00;20.44311396280925;0.0;20.44311396280925
423;2024-11-25 07:03:00;21.075541305541996;0.0;21.075541305541996
424;2024-11-25 07:04:00;30.98605079650879;0.0;30.98605079650879
425;2024-11-25 07:05:00;33.09166357252333;0.0;33.09166357252333
426;2024-11-25 07:06:00;34.13330756293403;0.0;34.13330756293403
427;2024-11-25 07:07:00;38.374291314019096;0.0;38.374291314019096
428;2024-11-25 07:08:00;40.29389533996582;0.0;40.29389533996582
429;2024-11-25 07:09:00;42.36974563598633;0.0;42.36974563598633
430;2024-11-25 07:10:00;44.93107604980469;0.0;44.93107604980469
431;2024-11-25 07:11:00;46.70745340983073;0.0;46.70745340983073
432;2024-11-25 07:12:00;49.13299903869629;0.0;49.13299903869629
433;2024-11-25 07:13:00;52.73411602444119;0.0;52.73411602444119
434;2024-11-25 07:14:00;56.15666495429145;0.0;56.15666495429145
435;2024-11-25 07:15:00;59.37832450866699;0.0;59.37832450866699
436;2024-11-25 07:16:00;64.56422975328233;0.0;64.56422975328233
437;2024-11-25 07:17:00;65.3380226135254;0.0;65.3380226135254
438;2024-11-25 07:18:00;67.61475965711806;0.0;67.61475965711806
439;2024-11-25 07:19:00;70.69505615234375;0.0;70.69505615234375
440;2024-11-25 07:20:00;72.16823883056641;0.0;72.16823883056641
441;2024-11-25 07:21:00;75.87351904975043;0.0;75.87351904975043
442;2024-11-25 07:22:00;76.65475234985351;0.0;76.65475234985351
443;2024-11-25 07:23:00;81.67697219848633;0.0;81.67697219848633
444;2024-11-25 07:24:00;86.14116583930121;0.0;86.14116583930121
445;2024-11-25 07:25:00;91.11874389648438;0.0;91.11874389648438
446;2024-11-25 07:26:00;94.60081329345704;0.0;94.60081329345704
447;2024-11-25 07:27:00;98.71530999077692;0.0;98.71530999077692
448;2024-11-25 07:28:00;108.2612449645996;0.0;108.2612449645996
449;2024-11-25 07:29:00;121.1850865681966;0.0;121.1850865681966
450;2024-11-25 07:30:00;126.3412307739258;0.0;126.3412307739258
451;2024-11-25 07:31:00;135.24730088975696;0.0;135.24730088975696
452;2024-11-25 07:32:00;142.39000786675348;0.0;142.39000786675348
453;2024-11-25 07:33:00;135.76811726888022;0.0;135.76811726888022
454;2024-11-25 07:34:00;133.23840840657553;0.0;133.23840840657553
455;2024-11-25 07:35:00;138.0597396850586;0.0;138.0597396850586
456;2024-11-25 07:36:00;140.90194363064236;0.0;140.90194363064236
457;2024-11-25 07:37:00;126.74301071166992;0.0;126.74301071166992
458;2024-11-25 07:38:00;115.75365024142796;0.0;115.75365024142796
459;2024-11-25 07:39:00;115.0245002746582;0.0;115.0245002746582
460;2024-11-25 07:40:00;115.8280532836914;0.0;115.8280532836914
461;2024-11-25 07:41:00;258.08702087402344;0.0;258.08702087402344
462;2024-11-25 07:42:00;324.75232272677954;0.0;324.75232272677954
463;2024-11-25 07:43:00;332.85484924316404;0.0;332.85484924316404
464;2024-11-25 07:44:00;325.9576568603516;-26.239644000009434;378.4369448603705
465;2024-11-25 07:45:00;332.93667941623266;-24.990152658969293;382.91698473417125
466;2024-11-25 07:46:00;379.5949310302734;-23.717877622458303;427.03068627519
467;2024-11-25 07:47:00;436.915185546875;-22.42068373057691;481.75655300802885
468;2024-11-25 07:48:00;450.56818305121527;-21.09632545723869;492.76083396569265
469;2024-11-25 07:49:00;422.14615207248266;-19.742449634033505;461.6310513405497
470;2024-11-25 07:50:00;396.9383422851562;-18.356598297871756;433.6515388808997
471;2024-11-25 07:51:00;370.0638970269097;-16.936211659728997;403.93632034636767
472;2024-11-25 07:52:00;367.1621636284722;-15.47863119169918;398.11942601187053
473;2024-11-25 07:53:00;434.2738783094618;-13.981102829458791;462.2360839683794
474;2024-11-25 07:54:00;515.3957214355469;-12.440780287124511;540.277282009796
475;2024-11-25 07:55:00;567.9615966796875;-10.854728481393465;589.6710536424745
476;2024-11-25 07:56:00;614.3669128417969;-9.219927061748763;632.8067669652944
477;2024-11-25 07:57:00;611.6511840820312;-7.533274043411211;626.7177321688537
478;2024-11-25 07:58:00;620.9292602539062;-5.791589539620361;632.512439333147
479;2024-11-25 07:59:00;657.2901123046875;-3.991619589745028;665.2733514841775
480;2024-11-25 08:00:00;717.2293565538195;-2.1300400796177144;721.4894367130548
481;2024-11-25 08:01:00;757.3326904296875;-0.20346075041146605;757.7396119305105
482;2024-11-25 08:02:00;773.9395080566406;1.7915707077088427;770.356366641223
483;2024-11-25 08:03:00;833.3355941772461;3.858564481014213;825.6184652152176
484;2024-11-25 08:04:00;864.5403259277343;6.001084380639554;852.5381571664552
485;2024-11-25 08:05:00;861.720445421007;8.22274351801866;845.2749583849696
486;2024-11-25 08:06:00;861.2740207248264;10.527199911386731;840.219620902053
487;2024-11-25 08:07:00;867.8959011501736;12.918152027498877;842.0595970951758
488;2024-11-25 08:08:00;876.4597229003906;15.399334262752262;845.6610543748861
489;2024-11-25 08:09:00;879.6739501953125;17.974512367976843;843.7249254593588
490;2024-11-25 08:10:00;890.1424696180555;20.647478821205993;848.8475119756436
491;2024-11-25 08:11:00;907.6272379557292;23.422048152788335;860.7831416501526
492;2024-11-25 08:12:00;868.4911227756077;26.302052227255786;815.8870183210961
493;2024-11-25 08:13:00;881.816748046875;29.291335486403227;823.2340770740685
494;2024-11-25 08:14:00;850.113525390625;32.39375015806658;785.3260250744918
495;2024-11-25 08:15:00;759.7433654785157;35.613151435138946;688.5170626082378
496;2024-11-25 08:16:00;789.2070373535156;38.953392629377674;711.3002520947603
497;2024-11-25 08:17:00;812.5399169921875;42.41832030459477;727.703276382998
498;2024-11-25 08:18:00;853.1566162109375;46.011769393836914;761.1330774232637
499;2024-11-25 08:19:00;949.1814392089844;49.737558305190106;849.7063225986042
500;2024-11-25 08:20:00;943.9360012478298;53.59948402085166;836.7370332061265
501;2024-11-25 08:21:00;886.1247016059028;57.60131719412087;770.9220672176612
502;2024-11-25 08:22:00;925.9304267035592;61.74679724897665;802.4368322056059
503;2024-11-25 08:23:00;946.1681043836804;66.03962748690144;814.0888494098775
504;2024-11-25 08:24:00;974.8133477105034;70.48347020561621;833.846407299271
505;2024-11-25 08:25:00;1035.600802951389;75.08194183437631;885.4369192826363
506;2024-11-25 08:26:00;1052.10341796875;79.83860809048814;892.4262017877736
507;2024-11-25 08:27:00;1121.0901014539932;84.75697916165466;951.5761431306838
508;2024-11-25 08:28:00;1164.392795138889;89.84050491878953;984.7117853013099
509;2024-11-25 08:29:00;1160.7172729492188;95.09257016386591;970.532132621487
510;2024-11-25 08:30:00;1188.2018093532986;100.51648991737807;987.1688295185425
511;2024-11-25 08:31:00;1190.6496826171874;106.11550474993962;978.4186731173081
512;2024-11-25 08:32:00;1219.9720052083333;111.89277616252198;996.1864528832893
513;2024-11-25 08:33:00;1234.4806179470486;117.85138201978071;998.7778539074872
514;2024-11-25 08:34:00;1242.590549045139;123.99431204089822;994.6019249633425
515;2024-11-25 08:35:00;1239.5995483398438;130.3244633522939;978.950621635256
516;2024-11-25 08:36:00;1244.6738145616318;136.8446361065365;970.9845423485588
517;2024-11-25 08:37:00;1253.7287719726562;143.55752917170463;966.613713629247
518;2024-11-25 08:38:00;1266.2508087158203;150.46573589540245;965.3193369250155
519;2024-11-25 08:39:00;1274.2119140625;157.57173994758148;959.068434167337
520;2024-11-25 08:40:00;1289.286047363281;164.87791124622632;959.5302248708285
521;2024-11-25 08:41:00;1300.0298529730903;172.38650196991458;955.2568490332612
522;2024-11-25 08:42:00;1305.3570922851563;180.09964266119226;945.1578069627718
523;2024-11-25 08:43:00;1313.3480088975691;188.01933842459874;937.3093320483716
524;2024-11-25 08:44:00;1328.9727240668403;196.14746522312424;936.6777936205918
525;2024-11-25 08:45:00;1334.8207885742188;204.48576627679535;925.8492560206281
526;2024-11-25 08:46:00;1342.2908799913191;213.0358485669754;916.2191828573683
527;2024-11-25 08:47:00;1350.5571166992188;221.79917944989546;906.9587577994279
528;2024-11-25 08:48:00;1357.766777886285;230.7770833828421;896.2126111206007
529;2024-11-25 08:49:00;1350.0214233398438;239.97073876630864;870.0799458072265
530;2024-11-25 08:50:00;1339.3742797851562;249.38117490533173;840.6119299744928
531;2024-11-25 08:51:00;1289.2413736979167;259.00926909314353;771.2228355116297
532;2024-11-25 08:52:00;1267.6569946289062;268.85574382013175;729.9455069886427
533;2024-11-25 08:53:00;1333.48154296875;278.9211641110197;775.6392147467106
534;2024-11-25 08:54:00;1375.4747450086809;289.20593499306494;797.062875022551
535;2024-11-25 08:55:00;1400.0426879882812;299.710299097939;800.6220897924031
536;2024-11-25 08:56:00;1407.6913926866318;310.43433439985745;786.822723886917
537;2024-11-25 08:57:00;1404.462255859375;321.3779520924136;761.7063516745479
538;2024-11-25 08:58:00;1401.1438123914932;332.5408946064168;736.0620231786595
539;2024-11-25 08:59:00;1397.4143676757812;343.92273377095023;709.5689001338808
540;2024-11-25 09:00:00;1395.1915554470486;355.5228691197251;684.1458172075984
541;2024-11-25 09:01:00;1404.8640001085068;367.34052634466644;670.182947419174
542;2024-11-25 09:02:00;1427.4825575086809;379.3747558985524;668.7330457115761
543;2024-11-25 09:03:00;1439.6177490234377;391.6244317484136;656.3688855266105
544;2024-11-25 09:04:00;1443.0329223632812;404.0882502812213;634.8564218008386
545;2024-11-25 09:05:00;1453.3749050564236;416.76472936330197;619.8454463298197
546;2024-11-25 09:06:00;1458.6575113932292;429.6522075547774;599.3530962836744
547;2024-11-25 09:07:00;1461.715478515625;442.7488434801613;576.2177915553023
548;2024-11-25 09:08:00;1463.791327582465;456.0526153561332;551.6860968701988
549;2024-11-25 09:09:00;1468.9475341796874;469.5613206773879;529.8248928249116
550;2024-11-25 09:10:00;1478.7241088867188;483.2725760612612;512.1789567641964
551;2024-11-25 09:11:00;1490.055691189236;497.1838172517688;495.6880566856985
552;2024-11-25 09:12:00;1493.5898193359376;511.29229928348565;471.0052207689663
553;2024-11-25 09:13:00;1496.4543863932292;525.5950968055935;445.2641927820423
554;2024-11-25 09:14:00;1499.81748046875;540.08910456629;419.63927133617017
555;2024-11-25 09:15:00;1498.10986328125;554.7710380575581;388.5677871661337
556;2024-11-25 09:16:00;1498.746044921875;569.6374343202127;359.4711762814495
557;2024-11-25 09:17:00;1503.0316772460938;584.6846529089798;333.66237142813407
558;2024-11-25 09:18:00;1510.6653917100691;599.9088770171948;310.8476376756796
559;2024-11-25 09:19:00;1520.2410766601563;615.3061147605983;289.6288471389596
560;2024-11-25 09:20:00;1536.3122314453126;630.8722006195761;274.56783020616035
561;2024-11-25 09:21:00;1541.9891628689236;646.6027970389919;248.78356879093985
562;2024-11-25 09:22:00;1539.1916015625;662.493396184683;214.204809193134
563;2024-11-25 09:23:00;1542.6736694335937;678.5393218555341;185.5950257225254
564;2024-11-25 09:24:00;1547.4205729166667;694.7357315498776;157.94910981691146
565;2024-11-25 09:25:00;1541.8403862847222;711.0776186848509;119.68514891502036
566;2024-11-25 09:26:00;1565.2029622395833;727.5598149672431;110.08333230509697
567;2024-11-25 09:27:00;1573.3129340277778;744.1769929141433;84.95894819949126
568;2024-11-25 09:28:00;1570.9989868164062;760.9236685216416;49.15164977312293
569;2024-11-25 09:29:00;1582.114794921875;777.7942040796944;26.526386762486254
570;2024-11-25 09:30:00;1584.0269639756943;794.782811131082;-5.5386582864696265
571;2024-11-25 09:31:00;1554.12431640625;811.8835535723108;-69.64279073837156
572;2024-11-25 09:32:00;1552.3832641601562;829.090350894194;-105.79743762823182
573;2024-11-25 09:33:00;1551.5871988932292;846.3969815596467;-141.20676422606425
574;2024-11-25 09:34:00;1599.9269409179688;863.7970865161847;-127.66723211440058
575;2024-11-25 09:35:00;1631.1149444580078;881.2841728404748;-131.4534012229417
576;2024-11-25 09:36:00;1620.4845648871528;898.8516175121326;-177.21867013711244
577;2024-11-25 09:37:00;1616.1319946289063;916.4926713138818;-216.85334799885732
578;2024-11-25 09:38:00;1497.8085327148438;934.200462855081;-370.5923929953183
579;2024-11-25 09:39:00;1464.0145806206597;951.9680027154732;-439.9214248102867
580;2024-11-25 09:40:00;1491.7818603515625;969.7881877059343;-447.79451506030614
581;2024-11-25 09:41:00;1601.4001586914062;987.6538052429129;-373.90745179441956
582;2024-11-25 09:42:00;1665.7961290147568;1005.5575378330769;-345.318946651397
583;2024-11-25 09:43:00;1644.8590454101563;1023.4919676646543;-402.12488991915234
584;2024-11-25 09:44:00;1632.8355034722222;1041.4495813018495;-450.0636591314769
585;2024-11-25 09:45:00;1627.38173828125;1059.4227744785653;-491.4638106758807
586;2024-11-25 09:46:00;1615.2614624023438;1077.403856987632;-539.5462515729203
587;2024-11-25 09:47:00;1592.6112823486328;1095.3850576616471;-598.1588329746614
588;2024-11-25 09:48:00;1614.9936279296876;1113.3585294414117;-611.7234309531359
589;2024-11-25 09:49:00;1664.4289855957031;1131.316354527892;-598.2037234600807
590;2024-11-25 09:50:00;1685.959445529514;1149.2505496135786;-612.5416536976434
591;2024-11-25 09:51:00;1716.8442138671876;1167.1530711889952;-617.4619285108029
592;2024-11-25 09:52:00;1728.4436577690972;1185.0158209200615;-641.5879840710259
593;2024-11-25 09:53:00;1735.2143419053818;1202.830651091983;-670.4469602785844
594;2024-11-25 09:54:00;1734.2471110026042;1220.5893701152047;-706.9316292278052
595;2024-11-25 09:55:00;1741.0177734375;1238.2837480889586;-735.5497227404173
596;2024-11-25 09:56:00;1736.933056640625;1255.9055224178956;-774.8779881951662
597;2024-11-25 09:57:00;1744.8867730034722;1273.4464034771754;-802.0060339508786
598;2024-11-25 09:58:00;1773.6287475585937;1290.8980803213933;-808.167413084193
599;2024-11-25 09:59:00;1814.676974826389;1308.2522264326894;-801.82747803899
600;2024-11-25 10:00:00;1809.6547973632807;1325.500505503286;-841.3462136432911
601;2024-11-25 10:01:00;1818.09954155816;1342.6345772477225;-867.1696129372851
602;2024-11-25 10:02:00;1821.6411743164065;1359.6461032400102;-897.651032163614
603;2024-11-25 10:03:00;1853.0690511067708;1376.526752770888;-899.9844544350051
604;2024-11-25 10:04:00;1830.6736789279516;1393.2682087203375;-955.8627385127234
605;2024-11-25 10:05:00;1846.8192016601563;1409.8621734405415;-972.9051452209267
606;2024-11-25 10:06:00;1835.7033569335936;1426.3003746443865;-1016.8973923551794
607;2024-11-25 10:07:00;1830.673719618056;1442.5745712946464;-1054.4754229712366
608;2024-11-25 10:08:00;1846.2165161132807;1458.6765594889862;-1071.1366028646917
609;2024-11-25 10:09:00;1797.1922607421875;1474.5981783358793;-1152.0040959295711
610;2024-11-25 10:10:00;1829.34189453125;1490.3313158165645;-1151.3207371018789
611;2024-11-25 10:11:00;1869.28899468316;1505.8679146281993;-1142.4468345732387
612;2024-11-25 10:12:00;1874.0061645507808;1521.1999780033057;-1168.3937914558305
613;2024-11-25 10:13:00;1876.5507568359376;1536.3195755006961;-1196.0883941654547
614;2024-11-25 10:14:00;1881.937527126736;1551.218848763052;-1220.5001703993678
615;2024-11-25 10:15:00;1884.0207926432288;1565.8900172363362;-1247.7592418294437
616;2024-11-25 10:16:00;1863.1581787109376;1580.3253838462792;-1297.4925889816209
617;2024-11-25 10:17:00;1889.474560546875;1594.5173406272067;-1299.5601207075385
618;2024-11-25 10:18:00;1889.601047092014;1608.458374298487;-1327.3157015049599
619;2024-11-25 10:19:00;1892.22001953125;1622.141071783938;-1352.062124036626
620;2024-11-25 10:20:00;1893.8271240234376;1635.5581256695878;-1377.289127315738
621;2024-11-25 10:21:00;1895.7764892578125;1648.702339595203;-1401.6281899325936
622;2024-11-25 10:22:00;1901.929736328125;1661.566633575068;-1421.2035308220109
623;2024-11-25 10:23:00;1902.398451063368;1674.1440492435636;-1445.8896474237592
624;2024-11-25 10:24:00;1901.952039930556;1686.4277550211261;-1470.9034701116962
625;2024-11-25 10:25:00;1923.0899658203125;1698.411051196269;-1473.7321365722255
626;2024-11-25 10:26:00;1966.7572157118057;1710.0873749193765;-1453.4175341269474
627;2024-11-25 10:27:00;1976.392431640625;1721.4503051040829;-1466.5081785675407
628;2024-11-25 10:28:00;1981.2658284505208;1732.4935672321146;-1483.7213060137085
629;2024-11-25 10:29:00;1980.7449951171875;1743.2110380575436;-1505.6770809978998
630;2024-11-25 10:30:00;1987.813259548611;1753.5967502064905;-1519.3802408643699
631;2024-11-25 10:31:00;1989.0037434895837;1763.6448966684122;-1538.2860498472407
632;2024-11-25 10:32:00;1992.999279785156;1773.3498351751723;-1553.7003905651886
633;2024-11-25 10:33:00;1995.610803222656;1782.7060924641974;-1569.8013817057388
634;2024-11-25 10:34:00;1998.1554090711809;1791.7083684221463;-1585.2613277731118
635;2024-11-25 10:35:00;2001.3026245117187;1800.351540105557;-1599.4004556993953
636;2024-11-25 10:36:00;1999.4202473958333;1808.6306656350896;-1617.841083874346
637;2024-11-25 10:37:00;1996.6152587890624;1816.540987960082;-1636.4667171311016
638;2024-11-25 10:38:00;1996.6822265625;1824.0779384902085;-1651.4736504179168
639;2024-11-25 10:39:00;1997.2625596788196;1831.237140591178;-1665.2117215035366
640;2024-11-25 10:40:00;1995.551296657986;1838.0144129415203;-1680.4775292250545
641;2024-11-25 10:41:00;1994.956068250868;1844.405772747587;-1693.855477244306
642;2024-11-25 10:42:00;1993.7358642578124;1850.4074388140625;-1707.0790133703126
643;2024-11-25 10:43:00;1996.220920138889;1856.0158344673666;-1715.8107487958443
644;2024-11-25 10:44:00;1999.025927734375;1861.2275903294633;-1723.4292529245515
645;2024-11-25 10:45:00;2002.7088500976563;1866.0395469397135;-1729.3702437817708
646;2024-11-25 10:46:00;2005.893283420139;1870.448757222552;-1735.0042310249653
647;2024-11-25 10:47:00;2011.681884765625;1874.4524887988628;-1737.2230928321005
648;2024-11-25 10:48:00;2018.02099609375;1878.0482261390994;-1738.0754561844487
649;2024-11-25 10:49:00;2019.6504272460936;1881.233672556301;-1742.8169178665082
650;2024-11-25 10:50:00;2018.57900390625;1884.0067520372922;-1749.4345001683346
651;2024-11-25 10:51:00;2018.5418023003472;1886.3656109105104;-1754.1894195206737
652;2024-11-25 10:52:00;2018.7798950195315;1888.308619349014;-1757.8373436784964
653;2024-11-25 10:53:00;2019.5834825303816;1889.8343727073825;-1760.0852628843834
654;2024-11-25 10:54:00;2019.315600585937;1890.9416926913514;-1762.5677847967656
655;2024-11-25 10:55:00;2019.360270182292;1891.6296283591657;-1763.8989865360395
656;2024-11-25 10:56:00;2021.071560329861;1891.8974569537804;-1762.7233535776998
657;2024-11-25 10:57:00;2020.721850585937;1891.7446845651734;-1762.7675185444098
658;2024-11-25 10:58:00;2016.0865342881943;1891.171046622183;-1766.2555589561716
659;2024-11-25 10:59:00;2017.2397705078124;1890.1765082134264;-1763.1132459190403
660;2024-11-25 11:00:00;2018.3929850260415;1888.7612642369918;-1759.129543447942
661;2024-11-25 11:01:00;2019.5090738932288;1886.9257393787525;-1754.3424048642762
662;2024-11-25 11:02:00;2021.9941772460936;1884.6705879192828;-1747.346998592472
663;2024-11-25 11:03:00;2022.7084554036455;1881.9966933695148;-1741.284931335384
664;2024-11-25 11:04:00;2019.9852416992187;1878.9051679353972;-1737.8250941715758
665;2024-11-25 11:05:00;2021.5923936631943;1875.3973518119865;-1729.2023099607786
666;2024-11-25 11:06:00;2020.6548950195315;1871.4748123075265;-1722.2947295955214
667;2024-11-25 11:07:00;2021.741197374132;1867.1393427982202;-1712.5374882223084
668;2024-11-25 11:08:00;2022.262048339844;1862.3929615145414;-1702.523874689239
669;2024-11-25 11:09:00;2020.9971788194443;1857.2379101600786;-1693.478641500713
670;2024-11-25 11:10:00;2016.235324435764;1851.676652364029;-1687.117980292294
671;2024-11-25 11:11:00;2015.1639404296875;1845.7118719686305;-1676.2598035075735
672;2024-11-25 11:12:00;2016.3841552734373;1839.346471152916;-1662.3087870323945
673;2024-11-25 11:13:00;2016.9718994140624;1832.5835683943574;-1648.1952373746524
674;2024-11-25 11:14:00;2019.114709472656;1825.4264962700627;-1631.7382830674694
675;2024-11-25 11:15:00;2019.0626356336809;1817.8787990993576;-1616.6949625650343
676;2024-11-25 11:16:00;2020.3275146484373;1809.9442304296854;-1599.5609462109335
677;2024-11-25 11:17:00;2022.1876356336809;1801.6267503679187;-1581.0658651021565
678;2024-11-25 11:18:00;2030.7663330078128;1792.9305227592897;-1555.0947125107666
679;2024-11-25 11:19:00;2028.3556884765624;1783.8599122162648;-1539.3641359559672
680;2024-11-25 11:20:00;2027.842312282986;1774.419480999849;-1520.9966497167118
681;2024-11-25 11:21:00;2027.48515625;1764.6139857558935;-1501.742815261787
682;2024-11-25 11:22:00;2023.5269097222224;1754.4483741091071;-1485.3698384959919
683;2024-11-25 11:23:00;2022.864709472656;1743.9277811176203;-1464.9908527625846
684;2024-11-25 11:24:00;2023.7501085069443;1733.057525591033;-1442.3649426751217
685;2024-11-25 11:25:00;2025.275390625;1721.8431062749955;-1418.410821924991
686;2024-11-25 11:26:00;2028.139919704861;1710.2901979055093;-1392.4404761061576
687;2024-11-25 11:27:00;2029.7618774414063;1698.4046471362196;-1367.047416831033
688;2024-11-25 11:28:00;2033.943332248264;1686.1924683420714;-1338.4416044358788
689;2024-11-25 11:29:00;2029.761889648437;1673.6598393028307;-1317.5577889572244
690;2024-11-25 11:30:00;2029.627956814236;1660.813096770055;-1291.9982367258738
691;2024-11-25 11:31:00;2023.132556152344;1647.6587319211753;-1272.1849076900066
692;2024-11-25 11:32:00;2021.5254272460936;1634.2033857044974;-1246.881344162901
693;2024-11-25 11:33:00;2028.2886962890625;1620.4538440789688;-1212.6189918688751
694;2024-11-25 11:34:00;2031.7707763671876;1606.4170331526577;-1181.0632899381278
695;2024-11-25 11:35:00;2029.627970377604;1592.1000142240018;-1154.5720580703996
696;2024-11-25 11:36:00;2028.2887084960937;1577.5099787299323;-1126.731248963771
697;2024-11-25 11:37:00;2029.125747680664;1562.6542431050489;-1096.1827385294337
698;2024-11-25 11:38:00;2026.1458862304687;1547.5402435561518;-1068.934600881835
699;2024-11-25 11:39:00;1978.1409098307288;1532.175530756414;-1086.2101516820992
700;2024-11-25 11:40:00;2037.5295288085936;1516.567764463639;-995.6060001186843
701;2024-11-25 11:41:00;2040.1187744140625;1500.7247080670363;-961.3306417200101
702;2024-11-25 11:42:00;2039.1366455078123;1484.654223067043;-930.1718006262736
703;2024-11-25 11:43:00;2037.217041015625;1468.3642634927558;-899.5114859698865
704;2024-11-25 11:44:00;2039.67236328125;1451.8628702616163;-864.0533772419826
705;2024-11-25 11:45:00;2036.7068568638392;1435.1581654859817;-833.6094741081242
706;2024-11-25 11:46:00;2034.6873508029516;1418.2583467313252;-801.8293426596988
707;2024-11-25 11:47:00;2031.4359375;1401.171681230792;-770.9074249615842
708;2024-11-25 11:48:00;2027.3958875868057;1383.9065000608894;-740.4171125349731
709;2024-11-25 11:49:00;2027.8199829101563;1366.4711922831293;-705.1224016561023
710;2024-11-25 11:50:00;2023.67571343316;1348.8741990564658;-674.0726846797718
711;2024-11-25 11:51:00;2015.4168701171875;1331.1240077253467;-646.8311453335059
712;2024-11-25 11:52:00;1977.8656127929687;1313.2291458882921;-648.5926789836155
713;2024-11-25 11:53:00;1918.6927218967012;1295.1981754518715;-671.7036290070419
714;2024-11-25 11:54:00;1769.5142550998264;1277.0396866749472;-784.565118250068
715;2024-11-25 11:55:00;1699.4263780381943;1258.7622922081152;-818.0982063780361
716;2024-11-25 11:56:00;1769.410070800781;1240.3746211332325;-711.3391714656839
717;2024-11-25 11:57:00;1761.4042833116318;1221.885313007892;-682.366342704152
718;2024-11-25 11:58:00;1707.3131374782986;1203.303011919771;-699.2928863612435
719;2024-11-25 11:59:00;1658.6534423828125;1184.636360555712;-710.6192787286113
720;2024-11-25 12:00:00;1606.496758355035;1165.8939942903505;-725.2912302256661
721;2024-11-25 12:01:00;1556.0514051649309;1147.084535299182;-738.1176654334333
722;2024-11-25 12:02:00;1501.2905815972222;1128.21658670084;-755.1425918044579
723;2024-11-25 12:03:00;1445.2426513671876;1109.2987267333565;-773.3548020995254
724;2024-11-25 12:04:00;1481.871365017361;1090.3395029691678;-698.8076409209746
725;2024-11-25 12:05:00;1818.992404513889;1071.3474265735708;-323.70244863325274
726;2024-11-25 12:06:00;1807.6830919053816;1052.3309666112643;-296.97884131714704
727;2024-11-25 12:07:00;1796.745781792535;1033.2985444056344;-269.8513070187339
728;2024-11-25 12:08:00;1795.8529595269097;1014.2585279553214;-232.66409638373307
729;2024-11-25 12:09:00;1793.1149536132812;995.2192264125905;-197.32349921189984
730;2024-11-25 12:10:00;1791.3143988715278;976.1888846279647;-161.06337038440165
731;2024-11-25 12:11:00;1787.9662407769097;957.1756777655265;-126.38511475414339
732;2024-11-25 12:12:00;1786.6865234375;938.1877059931845;-89.68888854886904
733;2024-11-25 12:13:00;1783.2044677734375;919.232989252194;-55.26151073095048
734;2024-11-25 12:14:00;1782.4009033203124;900.3194621101228;-18.23802089993319
735;2024-11-25 12:15:00;1780.4422607421875;881.454968701342;17.53232333950359
736;2024-11-25 12:16:00;1781.0467800564236;862.6472577591005;55.75226453822256
737;2024-11-25 12:17:00;1781.6643188476562;843.9039777431402;93.85636336137577
738;2024-11-25 12:18:00;1782.3860270182292;825.2326720666654;131.9206828848985
739;2024-11-25 12:19:00;1778.0706787109375;806.6407744264892;164.7891298579591
740;2024-11-25 12:20:00;1773.42783203125;788.1356042400287;197.15662355119275
741;2024-11-25 12:21:00;1767.9517279730903;769.7243621926799;228.50300358773052
742;2024-11-25 12:22:00;1769.88623046875;751.4141258991265;267.05797867049705
743;2024-11-25 12:23:00;1763.3387451171875;733.2118456819214;296.91505375334464
744;2024-11-25 12:24:00;1754.74521484375;715.1243404706158;324.4965339025184
745;2024-11-25 12:25:00;1752.847927517361;697.1582938246102;358.5313398681408
746;2024-11-25 12:26:00;1752.5503336588542;679.3202500828002;393.9098334932539
747;2024-11-25 12:27:00;1744.8123914930557;661.6166106429249;421.57917020720583
748;2024-11-25 12:28:00;1741.7617865668403;644.0536303734739;453.65452581989257
749;2024-11-25 12:29:00;1738.4880506727432;626.6374141608553;485.2132223510325
750;2024-11-25 12:30:00;1735.3631320529514;609.3739135943933;516.6153048641647
751;2024-11-25 12:31:00;1729.2620985243057;592.2689237916572;544.7242509409912
752;2024-11-25 12:32:00;1721.6730143229167;575.328080366438;571.0168535900407
753;2024-11-25 12:33:00;1716.710302734375;558.5568565415731;599.5965896512289
754;2024-11-25 12:34:00;1708.5035536024309;541.960560408747;624.5824327849368
755;2024-11-25 12:35:00;1701.8816867404514;525.5443323371996;650.7930220660521
756;2024-11-25 12:36:00;1697.9383409288191;509.31314253313803;679.312055862543
757;2024-11-25 12:37:00;1695.6169677734374;493.27178875160143;709.0733902702345
758;2024-11-25 12:38:00;1685.7361924913191;477.42489416229307;730.886404166733
759;2024-11-25 12:39:00;1674.9477132161458;461.77690537078934;751.3939024745671
760;2024-11-25 12:40:00;1670.2603081597222;446.3320905964547;777.5961269668128
761;2024-11-25 12:41:00;1662.6712158203125;431.09453800816175;800.482139803989
762;2024-11-25 12:42:00;1652.894677734375;416.0681542188366;820.7583692967017
763;2024-11-25 12:43:00;1650.366729736328;401.25666293969965;847.8534038569286
764;2024-11-25 12:44:00;1647.3366455078126;386.6636037949218;874.009437917969
765;2024-11-25 12:45:00;1642.0614827473958;372.29233129727055;897.4768201528547
766;2024-11-25 12:46:00;1637.5973171657986;358.14601398519784;921.3052891954029
767;2024-11-25 12:47:00;1632.7611219618057;344.2276337216748;944.305854518456
768;2024-11-25 12:48:00;1630.1570231119792;330.5399851548997;969.0770528021799
769;2024-11-25 12:49:00;1627.9249403211809;317.0856753409495;993.7535896392819
770;2024-11-25 12:50:00;1622.9399007161458;303.8671235281755;1015.2056536597947
771;2024-11-25 12:51:00;1612.7168579101562;290.88656110314616;1030.943735703864
772;2024-11-25 12:52:00;1602.776584201389;278.1460316976913;1046.4845208060065
773;2024-11-25 12:53:00;1591.9137641059028;265.6473914564813;1060.6189811929403
774;2024-11-25 12:54:00;1579.4883761935764;253.39230946449533;1072.7037572645859
775;2024-11-25 12:55:00;1562.7477077907986;241.38226833351604;1079.9831711237666
776;2024-11-25 12:56:00;1514.162326388889;229.6185649466745;1054.92519649554
777;2024-11-25 12:57:00;1490.9485405815972;218.10231135997412;1054.743917861649
778;2024-11-25 12:58:00;1469.7436387803818;206.8344358595155;1056.074767061351
779;2024-11-25 12:59:00;1449.3465053013392;195.8156841730539;1057.7151369552314
780;2024-11-25 13:00:00;1422.2743774414062;185.04662083437822;1052.1811357726497
781;2024-11-25 13:01:00;1404.3432074652778;174.52763069887155;1055.2879460675347
782;2024-11-25 13:02:00;1382.8406846788191;164.25892060844808;1054.322843461923
783;2024-11-25 13:03:00;1366.0924438476563;154.2405212039904;1057.6114014396755
784;2024-11-25 13:04:00;1345.9366319444443;144.47228888323968;1056.992054177965
785;2024-11-25 13:05:00;1328.8238932291667;134.95390790196197;1058.9160774252427
786;2024-11-25 13:06:00;1309.0326334635415;125.6848926161355;1057.6628482312706
787;2024-11-25 13:07:00;1290.5806477864585;116.66458986272374;1057.251468061011
788;2024-11-25 13:08:00;1272.1434936523438;107.89218147651866;1056.3591306993064
789;2024-11-25 13:09:00;1256.0575493706597;99.36668694041735;1057.324175489825
790;2024-11-25 13:10:00;1237.754367404514;91.08696616635939;1055.5804350717951
791;2024-11-25 13:11:00;1232.1833953857422;83.0517224040586;1066.079950577625
792;2024-11-25 13:12:00;1228.2828369140625;75.25950527454832;1077.7638263649658
793;2024-11-25 13:13:00;1207.9186604817708;67.70871392546027;1072.5012326308502
794;2024-11-25 13:14:00;1189.6898735894097;60.397600304821566;1068.8946729797665
795;2024-11-25 13:15:00;1171.6322021484375;53.32427255009996;1064.9836570482375
796;2024-11-25 13:16:00;1153.4555121527778;46.486698489098615;1060.4821151745805
797;2024-11-25 13:17:00;1130.8369140625;39.88270924919817;1051.0714955641038
798;2024-11-25 13:18:00;1110.8298950195312;33.51000297138668;1043.8098890767578
799;2024-11-25 13:19:00;1086.3118896484375;27.366148625405913;1031.5795923976257
800;2024-11-25 13:20:00;1065.0272705078123;21.44858992223675;1022.1300906633388
801;2024-11-25 13:21:00;1043.3387451171875;15.754649320125083;1011.8294464769374
802;2024-11-25 13:22:00;1023.6218600802952;10.281532120202002;1003.0587958398912
803;2024-11-25 13:23:00;1003.0121595594618;5.026330647725388;992.959498264011
804;2024-11-25 13:24:00;984.0393337673612;-0.013971485125381378;984.067276737612
805;2024-11-25 13:25:00;963.8295822143556;-4.842495039027028;973.5145722924096
806;2024-11-25 13:26:00;932.1802910698784;-9.462460734061011;951.1052125380004
807;2024-11-25 13:27:00;891.1841023763021;-13.877184767280824;918.9384719108638
808;2024-11-25 13:28:00;875.2711334228516;-18.090074265610525;911.4512819540726
809;2024-11-25 13:29:00;859.7859619140625;-22.10462267844278;903.995207270948
810;2024-11-25 13:30:00;837.4649929470486;-25.92440511433935;889.3138031757273
811;2024-11-25 13:31:00;809.228955078125;-29.553073626294974;868.3351023307149
812;2024-11-25 13:32:00;780.0044294084821;-32.99435245006748;845.9931343086171
813;2024-11-25 13:33:00;751.4548543294271;-36.25203320009604;823.9589207296192
814;2024-11-25 13:34:00;723.3304307725695;-39.329970027585546;801.9903708277405
815;2024-11-25 13:35:00;698.479749891493;-42.2320747453486;782.9438993821902
816;2024-11-25 13:36:00;674.8344055175781;-44.96231192402206;764.7590293656223
817;2024-11-25 13:37:00;652.200941297743;-47.52469396430229;747.2503292263476
818;2024-11-25 13:38:00;631.77724609375;-49.92327614985669;731.6237983934634
819;2024-11-25 13:39:00;603.5412258572048;-52.16215168557525;707.8655292283554
820;2024-11-25 13:40:00;570.8782077365452;-54.24544672583977;679.3691011882247
821;2024-11-25 13:41:00;537.6943664550781;-56.17731539749485;650.0489972500678
822;2024-11-25 13:42:00;513.4389071994358;-57.96193482219451;629.3627768438248
823;2024-11-25 13:43:00;483.52137756347656;-59.603500142800954;602.7283778490785
824;2024-11-25 13:44:00;444.1695081922743;-61.1062195585032;566.3819473092807
825;2024-11-25 13:45:00;372.5191955566406;-62.47430937330563;497.4678143032519
826;2024-11-25 13:46:00;331.515576171875;-63.711989062521894;458.9395542969188
827;2024-11-25 13:47:00;293.5773756239149;-64.82347636188862;423.22432834769216
828;2024-11-25 13:48:00;259.12867058648004;-65.81298238388953;390.7546353542591
829;2024-11-25 13:49:00;231.17166328430176;-66.68470676584349;364.54107681598873
830;2024-11-25 13:50:00;207.49283175998264;-67.44283285428821;342.3784974685591
831;2024-11-25 13:51:00;195.7817642211914;-68.09152293014023;331.96481008147185
832;2024-11-25 13:52:00;182.27013651529947;-68.63491347908251;319.53996347346447
833;2024-11-25 13:53:00;172.30010647243924;-69.07711051157577;310.45432749559075
834;2024-11-25 13:54:00;170.3358612060547;-69.42218493684607;309.1802310797468
835;2024-11-25 13:55:00;178.32676696777344;-69.67416799514382;317.6751029580611
836;2024-11-25 13:56:00;174.92281913757324;-69.83704675251516;314.59691264260357
837;2024-11-25 13:57:00;169.5471886528863;-69.91475966226233;309.37670797741094
838;2024-11-25 13:58:00;162.03246053059897;-69.91119219720787;301.85484492501473
839;2024-11-25 13:59:00;149.7782470703125;-69.83017255680721;289.4385921839269
840;2024-11-25 14:00:00;140.60433281792535;-69.67546745308212;279.9552677240896
841;2024-11-25 14:01:00;127.6135269165039;-69.45077797927183;266.5150828750476
842;2024-11-25 14:02:00;117.61372968885634;-69.15973556501996;255.93320081889624
843;2024-11-25 14:03:00;96.27488555908204;-68.80589802183607;233.88668160275418
844;2024-11-25 14:04:00;80.56092495388455;-68.39274568247248;217.3464163188295
845;2024-11-25 14:05:00;75.50150468614366;-67.92367763778799;211.34885996171965
846;2024-11-25 14:06:00;75.57590908474393;-67.40200807455778;210.3799252338595
847;2024-11-25 14:07:00;78.52971649169922;-66.83096271760803;212.19164192691528
848;2024-11-25 14:08:00;76.48734664916992;-66.21367537954441;208.91469740825875
849;2024-11-25 14:09:00;73.84231185913086;-65.55318462125342;204.9486811016377
850;2024-11-25 14:10:00;74.23664855957031;-64.85243052623872;203.94150961204775
851;2024-11-25 14:11:00;77.65919833713107;-64.11425159176176;205.8877015206546
852;2024-11-25 14:12:00;75.18156814575195;-63.341381739632965;201.86433162501788
853;2024-11-25 14:13:00;74.2366477118598;-62.53644744939777;199.30954261065534
854;2024-11-25 14:14:00;70.7396952311198;-61.70196501654132;194.14362526420246
855;2024-11-25 14:15:00;73.19500308566623;-60.84033793822499;194.8756789621162
856;2024-11-25 14:16:00;72.57001647949218;-59.95385442893763;192.47772533736745
857;2024-11-25 14:17:00;72.30216556125217;-59.04468506833922;190.3915356979306
858;2024-11-25 14:18:00;67.61476135253906;-58.114880583436275;183.8445225194116
859;2024-11-25 14:19:00;68.43319829305013;-57.16636976711314;182.7659378272764
860;2024-11-25 14:20:00;68.28439034356012;-56.200957534911424;180.68630541338297
861;2024-11-25 14:21:00;66.27550464206271;-55.22032312182475;176.7161508857122
862;2024-11-25 14:22:00;62.99432182312012;-54.226018420741156;171.44635866460243
863;2024-11-25 14:23:00;63.82019593980577;-53.21946646404001;170.2591288678858
864;2024-11-25 14:24:00;63.29937405056424;-52.20196004971285;167.70329414998994
865;2024-11-25 14:25:00;61.25328483581543;-51.17466051324257;163.60260586230058
866;2024-11-25 14:26:00;59.802421993679474;-50.13859664634737;160.0796152863742
867;2024-11-25 14:27:00;59.16069459915161;-49.09466376354942;157.35002212625045
868;2024-11-25 14:28:00;59.11047401428223;-48.043622917398494;155.19771984907922
869;2024-11-25 14:29:00;55.11501736111112;-46.98610026304337;149.08721788719785
870;2024-11-25 14:30:00;56.37987306382921;-45.92258657269923;148.22504620922768
871;2024-11-25 14:31:00;56.00785658094618;-44.85343690042498;145.71473038179613
872;2024-11-25 14:32:00;51.7110710144043;-43.77887039748572;139.26881180937573
873;2024-11-25 14:33:00;50.05559878879123;-42.69897027843584;135.4535393456629
874;2024-11-25 14:34:00;51.02284240722656;-41.6136839379125;134.25021028305156
875;2024-11-25 14:35:00;49.832389407687714;-40.52282321800092;130.87803584368956
876;2024-11-25 14:36:00;47.25803756713867;-39.426064825883316;126.1101672189053
877;2024-11-25 14:37:00;46.93996381759644;-38.322950901350055;123.58586562029654
878;2024-11-25 14:38:00;46.03782569037544;-37.21288973360828;120.463605157592
879;2024-11-25 14:39:00;44.31167030334473;-36.09515662669352;116.50198355673177
880;2024-11-25 14:40:00;40.011163499620224;-34.96889491263758;109.94895332489538
881;2024-11-25 14:41:00;40.01116265190972;-33.83311711142596;107.67739687476165
882;2024-11-25 14:42:00;39.49033991495768;-32.68670623662942;104.86375238821651
883;2024-11-25 14:43:00;38.75374851226807;-31.528417245463487;101.81058300319503
884;2024-11-25 14:44:00;33.296271562576294;-30.356878631899917;94.01002882637613
885;2024-11-25 14:45:00;32.927976036071776;-29.170594161311953;91.26916435869569
886;2024-11-25 14:46:00;34.95174365573459;-27.96794474501553;90.88763314576565
887;2024-11-25 14:47:00;30.7851619720459;0.0;30.7851619720459
888;2024-11-25 14:48:00;26.990597618950737;0.0;26.990597618950737
889;2024-11-25 14:49:00;26.84179178873698;0.0;26.84179178873698
890;2024-11-25 14:50:00;27.288211186726887;0.0;27.288211186726887
891;2024-11-25 14:51:00;26.16472282409668;0.0;26.16472282409668
892;2024-11-25 14:52:00;24.386484993828667;0.0;24.386484993828667
893;2024-11-25 14:53:00;22.079984664916992;0.0;22.079984664916992
894;2024-11-25 14:54:00;20.66632313198513;0.0;20.66632313198513
895;2024-11-25 14:55:00;21.3433931350708;0.0;21.3433931350708
896;2024-11-25 14:56:00;20.154801845550537;0.0;20.154801845550537
897;2024-11-25 14:57:00;16.99080362319946;0.0;16.99080362319946
898;2024-11-25 14:58:00;15.383694648742676;0.0;15.383694648742676
899;2024-11-25 14:59:00;15.830112881130642;0.0;15.830112881130642
900;2024-11-25 15:00:00;17.46698464287652;0.0;17.46698464287652
901;2024-11-25 15:01:00;15.160484419928656;0.0;15.160484419928656
902;2024-11-25 15:02:00;14.44621353149414;0.0;14.44621353149414
903;2024-11-25 15:03:00;13.123696208000185;0.0;13.123696208000185
904;2024-11-25 15:04:00;8.55347785949707;0.0;8.55347785949707
905;2024-11-25 15:05:00;9.803451961941189;0.0;9.803451961941189
906;2024-11-25 15:06:00;6.380903244018555;0.0;6.380903244018555
907;2024-11-25 15:07:00;6.455306556489733;0.0;6.455306556489733
908;2024-11-25 15:08:00;2.9642795986599397;0.0;2.9642795986599397
909;2024-11-25 15:09:00;0.6676541434393989;0.0;0.6676541434393989
910;2024-11-25 15:10:00;2.0669629096984865;0.0;2.0669629096984865
911;2024-11-25 15:11:00;1.403786712222629;0.0;1.403786712222629
912;2024-11-25 15:12:00;0.5148978233337402;0.0;0.5148978233337402
913;2024-11-25 15:13:00;0.0;0.0;0.0
914;2024-11-25 15:14:00;0.0;0.0;0.0
915;2024-11-25 15:15:00;0.0;0.0;0.0
916;2024-11-25 15:16:00;0.0;0.0;0.0
917;2024-11-25 15:17:00;0.0;0.0;0.0
918;2024-11-25 15:18:00;0.0;0.0;0.0
919;2024-11-25 15:19:00;0.0;0.0;0.0
920;2024-11-25 15:20:00;0.0;0.0;0.0
921;2024-11-25 15:21:00;0.0;0.0;0.0
922;2024-11-25 15:22:00;0.0;0.0;0.0
923;2024-11-25 15:23:00;0.0;0.0;0.0
924;2024-11-25 15:24:00;0.0;0.0;0.0
925;2024-11-25 15:25:00;0.0;0.0;0.0
926;2024-11-25 15:26:00;0.0;0.0;0.0
927;2024-11-25 15:27:00;0.0;0.0;0.0
928;2024-11-25 15:28:00;0.0;0.0;0.0
929;2024-11-25 15:29:00;0.0;0.0;0.0
930;2024-11-25 15:30:00;0.0;0.0;0.0
931;2024-11-25 15:31:00;0.0;0.0;0.0
932;2024-11-25 15:32:00;0.0;0.0;0.0
933;2024-11-25 15:33:00;0.0;0.0;0.0
934;2024-11-25 15:34:00;0.0;0.0;0.0
935;2024-11-25 15:35:00;0.0;0.0;0.0
936;2024-11-25 15:36:00;0.0;0.0;0.0
937;2024-11-25 15:37:00;0.0;0.0;0.0
938;2024-11-25 15:38:00;0.0;0.0;0.0
939;2024-11-25 15:39:00;0.0;0.0;0.0
940;2024-11-25 15:40:00;0.0;0.0;0.0
941;2024-11-25 15:41:00;0.0;0.0;0.0
942;2024-11-25 15:42:00;0.0;0.0;0.0
943;2024-11-25 15:43:00;0.0;0.0;0.0
944;2024-11-25 15:44:00;0.0;0.0;0.0
945;2024-11-25 15:45:00;0.0;0.0;0.0
946;2024-11-25 15:46:00;0.0;0.0;0.0
947;2024-11-25 15:47:00;0.0;0.0;0.0
948;2024-11-25 15:48:00;0.0;0.0;0.0
949;2024-11-25 15:49:00;0.0;0.0;0.0
950;2024-11-25 15:50:00;0.0;0.0;0.0
951;2024-11-25 15:51:00;0.0;0.0;0.0
952;2024-11-25 15:52:00;0.0;0.0;0.0
953;2024-11-25 15:53:00;0.0;0.0;0.0
954;2024-11-25 15:54:00;0.0;0.0;0.0
955;2024-11-25 15:55:00;0.0;0.0;0.0
956;2024-11-25 15:56:00;0.0;0.0;0.0
957;2024-11-25 15:57:00;0.0;0.0;0.0
958;2024-11-25 15:58:00;0.0;0.0;0.0
959;2024-11-25 15:59:00;0.0;0.0;0.0
960;2024-11-25 16:00:00;0.0;0.0;0.0
961;2024-11-25 16:01:00;0.0;0.0;0.0
962;2024-11-25 16:02:00;0.0;0.0;0.0
963;2024-11-25 16:03:00;0.0;0.0;0.0
964;2024-11-25 16:04:00;0.0;0.0;0.0
965;2024-11-25 16:05:00;0.0;0.0;0.0
966;2024-11-25 16:06:00;0.0;0.0;0.0
967;2024-11-25 16:07:00;0.0;0.0;0.0
968;2024-11-25 16:08:00;0.0;0.0;0.0
969;2024-11-25 16:09:00;0.0;0.0;0.0
970;2024-11-25 16:10:00;0.0;0.0;0.0
971;2024-11-25 16:11:00;0.0;0.0;0.0
972;2024-11-25 16:12:00;0.0;0.0;0.0
973;2024-11-25 16:13:00;0.0;0.0;0.0
974;2024-11-25 16:14:00;0.0;0.0;0.0
975;2024-11-25 16:15:00;0.0;0.0;0.0
976;2024-11-25 16:16:00;0.0;0.0;0.0
977;2024-11-25 16:17:00;0.0;0.0;0.0
978;2024-11-25 16:18:00;0.0;0.0;0.0
979;2024-11-25 16:19:00;0.0;0.0;0.0
980;2024-11-25 16:20:00;0.0;0.0;0.0
981;2024-11-25 16:21:00;0.0;0.0;0.0
982;2024-11-25 16:22:00;0.0;0.0;0.0
983;2024-11-25 16:23:00;0.0;0.0;0.0
984;2024-11-25 16:24:00;0.0;0.0;0.0
985;2024-11-25 16:25:00;0.0;0.0;0.0
986;2024-11-25 16:26:00;0.0;0.0;0.0
987;2024-11-25 16:27:00;0.0;0.0;0.0
988;2024-11-25 16:28:00;0.0;0.0;0.0
989;2024-11-25 16:29:00;0.0;0.0;0.0
990;2024-11-25 16:30:00;0.0;0.0;0.0
991;2024-11-25 16:31:00;0.0;0.0;0.0
992;2024-11-25 16:32:00;0.0;0.0;0.0
993;2024-11-25 16:33:00;0.0;0.0;0.0
994;2024-11-25 16:34:00;0.0;0.0;0.0
995;2024-11-25 16:35:00;0.0;0.0;0.0
996;2024-11-25 16:36:00;0.0;0.0;0.0
997;2024-11-25 16:37:00;0.0;0.0;0.0
998;2024-11-25 16:38:00;0.0;0.0;0.0
999;2024-11-25 16:39:00;0.0;0.0;0.0
1000;2024-11-25 16:40:00;0.0;0.0;0.0
1001;2024-11-25 16:41:00;0.0;0.0;0.0
1002;2024-11-25 16:42:00;0.0;0.0;0.0
1003;2024-11-25 16:43:00;0.0;0.0;0.0
1004;2024-11-25 16:44:00;0.0;0.0;0.0
1005;2024-11-25 16:45:00;0.0;0.0;0.0
1006;2024-11-25 16:46:00;0.0;0.0;0.0
1007;2024-11-25 16:47:00;0.0;0.0;0.0
1008;2024-11-25 16:48:00;0.0;0.0;0.0
1009;2024-11-25 16:49:00;0.0;0.0;0.0
1010;2024-11-25 16:50:00;0.0;0.0;0.0
1011;2024-11-25 16:51:00;0.0;0.0;0.0
1012;2024-11-25 16:52:00;0.0;0.0;0.0
1013;2024-11-25 16:53:00;0.0;0.0;0.0
1014;2024-11-25 16:54:00;0.0;0.0;0.0
1015;2024-11-25 16:55:00;0.0;0.0;0.0
1016;2024-11-25 16:56:00;0.0;0.0;0.0
1017;2024-11-25 16:57:00;0.0;0.0;0.0
1018;2024-11-25 16:58:00;0.0;0.0;0.0
1019;2024-11-25 16:59:00;0.0;0.0;0.0
1020;2024-11-25 17:00:00;0.0;0.0;0.0
1021;2024-11-25 17:01:00;0.0;0.0;0.0
1022;2024-11-25 17:02:00;0.0;0.0;0.0
1023;2024-11-25 17:03:00;0.0;0.0;0.0
1024;2024-11-25 17:04:00;0.0;0.0;0.0
1025;2024-11-25 17:05:00;0.0;0.0;0.0
1026;2024-11-25 17:06:00;0.0;0.0;0.0
1027;2024-11-25 17:07:00;0.0;0.0;0.0
1028;2024-11-25 17:08:00;0.0;0.0;0.0
1029;2024-11-25 17:09:00;0.0;0.0;0.0
1030;2024-11-25 17:10:00;0.0;0.0;0.0
1031;2024-11-25 17:11:00;0.0;0.0;0.0
1032;2024-11-25 17:12:00;0.0;0.0;0.0
1033;2024-11-25 17:13:00;0.0;0.0;0.0
1034;2024-11-25 17:14:00;0.0;0.0;0.0
1035;2024-11-25 17:15:00;0.0;0.0;0.0
1036;2024-11-25 17:16:00;0.0;0.0;0.0
1037;2024-11-25 17:17:00;0.0;0.0;0.0
1038;2024-11-25 17:18:00;0.0;0.0;0.0
1039;2024-11-25 17:19:00;0.0;0.0;0.0
1040;2024-11-25 17:20:00;0.0;0.0;0.0
1041;2024-11-25 17:21:00;0.0;0.0;0.0
1042;2024-11-25 17:22:00;0.0;0.0;0.0
1043;2024-11-25 17:23:00;0.0;0.0;0.0
1044;2024-11-25 17:24:00;0.0;0.0;0.0
1045;2024-11-25 17:25:00;0.0;0.0;0.0
1046;2024-11-25 17:26:00;0.0;0.0;0.0
1047;2024-11-25 17:27:00;0.0;0.0;0.0
1048;2024-11-25 17:28:00;0.0;0.0;0.0
1049;2024-11-25 17:29:00;0.0;0.0;0.0
1050;2024-11-25 17:30:00;0.0;0.0;0.0
1051;2024-11-25 17:31:00;0.0;0.0;0.0
1052;2024-11-25 17:32:00;0.0;0.0;0.0
1053;2024-11-25 17:33:00;0.0;0.0;0.0
1054;2024-11-25 17:34:00;0.0;0.0;0.0
1055;2024-11-25 17:35:00;0.0;0.0;0.0
1056;2024-11-25 17:36:00;0.0;0.0;0.0
1057;2024-11-25 17:37:00;0.0;0.0;0.0
1058;2024-11-25 17:38:00;0.0;0.0;0.0
1059;2024-11-25 17:39:00;0.0;0.0;0.0
1060;2024-11-25 17:40:00;0.0;0.0;0.0
1061;2024-11-25 17:41:00;0.0;0.0;0.0
1062;2024-11-25 17:42:00;0.0;0.0;0.0
1063;2024-11-25 17:43:00;0.0;0.0;0.0
1064;2024-11-25 17:44:00;0.0;0.0;0.0
1065;2024-11-25 17:45:00;0.0;0.0;0.0
1066;2024-11-25 17:46:00;0.0;0.0;0.0
1067;2024-11-25 17:47:00;0.0;0.0;0.0
1068;2024-11-25 17:48:00;0.0;0.0;0.0
1069;2024-11-25 17:49:00;0.0;0.0;0.0
1070;2024-11-25 17:50:00;0.0;0.0;0.0
1071;2024-11-25 17:51:00;0.0;0.0;0.0
1072;2024-11-25 17:52:00;0.0;0.0;0.0
1073;2024-11-25 17:53:00;0.0;0.0;0.0
1074;2024-11-25 17:54:00;0.0;0.0;0.0
1075;2024-11-25 17:55:00;0.0;0.0;0.0
1076;2024-11-25 17:56:00;0.0;0.0;0.0
1077;2024-11-25 17:57:00;0.0;0.0;0.0
1078;2024-11-25 17:58:00;0.0;0.0;0.0
1079;2024-11-25 17:59:00;0.0;0.0;0.0
1080;2024-11-25 18:00:00;0.0;0.0;0.0
1081;2024-11-25 18:01:00;0.0;0.0;0.0
1082;2024-11-25 18:02:00;0.0;0.0;0.0
1083;2024-11-25 18:03:00;0.0;0.0;0.0
1084;2024-11-25 18:04:00;0.0;0.0;0.0
1085;2024-11-25 18:05:00;0.0;0.0;0.0
1086;2024-11-25 18:06:00;0.0;0.0;0.0
1087;2024-11-25 18:07:00;0.0;0.0;0.0
1088;2024-11-25 18:08:00;0.0;0.0;0.0
1089;2024-11-25 18:09:00;0.0;0.0;0.0
1090;2024-11-25 18:10:00;0.0;0.0;0.0
1091;2024-11-25 18:11:00;0.0;0.0;0.0
1092;2024-11-25 18:12:00;0.0;0.0;0.0
1093;2024-11-25 18:13:00;0.0;0.0;0.0
1094;2024-11-25 18:14:00;0.0;0.0;0.0
1095;2024-11-25 18:15:00;0.0;0.0;0.0
1096;2024-11-25 18:16:00;0.0;0.0;0.0
1097;2024-11-25 18:17:00;0.0;0.0;0.0
1098;2024-11-25 18:18:00;0.0;0.0;0.0
1099;2024-11-25 18:19:00;0.0;0.0;0.0
1100;2024-11-25 18:20:00;0.0;0.0;0.0
1101;2024-11-25 18:21:00;0.0;0.0;0.0
1102;2024-11-25 18:22:00;0.0;0.0;0.0
1103;2024-11-25 18:23:00;0.0;0.0;0.0
1104;2024-11-25 18:24:00;0.0;0.0;0.0
1105;2024-11-25 18:25:00;0.0;0.0;0.0
1106;2024-11-25 18:26:00;0.0;0.0;0.0
1107;2024-11-25 18:27:00;0.0;0.0;0.0
1108;2024-11-25 18:28:00;0.0;0.0;0.0
1109;2024-11-25 18:29:00;0.0;0.0;0.0
1110;2024-11-25 18:30:00;0.0;0.0;0.0
1111;2024-11-25 18:31:00;0.0;0.0;0.0
1112;2024-11-25 18:32:00;0.0;0.0;0.0
1113;2024-11-25 18:33:00;0.0;0.0;0.0
1114;2024-11-25 18:34:00;0.0;0.0;0.0
1115;2024-11-25 18:35:00;0.0;0.0;0.0
1116;2024-11-25 18:36:00;0.0;0.0;0.0
1117;2024-11-25 18:37:00;0.0;0.0;0.0
1118;2024-11-25 18:38:00;0.0;0.0;0.0
1119;2024-11-25 18:39:00;0.0;0.0;0.0
1120;2024-11-25 18:40:00;0.0;0.0;0.0
1121;2024-11-25 18:41:00;0.0;0.0;0.0
1122;2024-11-25 18:42:00;0.0;0.0;0.0
1123;2024-11-25 18:43:00;0.0;0.0;0.0
1124;2024-11-25 18:44:00;0.0;0.0;0.0
1125;2024-11-25 18:45:00;0.0;0.0;0.0
1126;2024-11-25 18:46:00;0.0;0.0;0.0
1127;2024-11-25 18:47:00;0.0;0.0;0.0
1128;2024-11-25 18:48:00;0.0;0.0;0.0
1129;2024-11-25 18:49:00;0.0;0.0;0.0
1130;2024-11-25 18:50:00;0.0;0.0;0.0
1131;2024-11-25 18:51:00;0.0;0.0;0.0
1132;2024-11-25 18:52:00;0.0;0.0;0.0
1133;2024-11-25 18:53:00;0.0;0.0;0.0
1134;2024-11-25 18:54:00;0.0;0.0;0.0
1135;2024-11-25 18:55:00;0.0;0.0;0.0
1136;2024-11-25 18:56:00;0.0;0.0;0.0
1137;2024-11-25 18:57:00;0.0;0.0;0.0
1138;2024-11-25 18:58:00;0.0;0.0;0.0
1139;2024-11-25 18:59:00;0.0;0.0;0.0
1140;2024-11-25 19:00:00;0.0;0.0;0.0
1141;2024-11-25 19:01:00;0.0;0.0;0.0
1142;2024-11-25 19:02:00;0.0;0.0;0.0
1143;2024-11-25 19:03:00;0.0;0.0;0.0
1144;2024-11-25 19:04:00;0.0;0.0;0.0
1145;2024-11-25 19:05:00;0.0;0.0;0.0
1146;2024-11-25 19:06:00;0.0;0.0;0.0
1147;2024-11-25 19:07:00;0.0;0.0;0.0
1148;2024-11-25 19:08:00;0.0;0.0;0.0
1149;2024-11-25 19:09:00;0.0;0.0;0.0
1150;2024-11-25 19:10:00;0.0;0.0;0.0
1151;2024-11-25 19:11:00;0.0;0.0;0.0
1152;2024-11-25 19:12:00;0.0;0.0;0.0
1153;2024-11-25 19:13:00;0.0;0.0;0.0
1154;2024-11-25 19:14:00;0.0;0.0;0.0
1155;2024-11-25 19:15:00;0.0;0.0;0.0
1156;2024-11-25 19:16:00;0.0;0.0;0.0
1157;2024-11-25 19:17:00;0.0;0.0;0.0
1158;2024-11-25 19:18:00;0.0;0.0;0.0
1159;2024-11-25 19:19:00;0.0;0.0;0.0
1160;2024-11-25 19:20:00;0.0;0.0;0.0
1161;2024-11-25 19:21:00;0.0;0.0;0.0
1162;2024-11-25 19:22:00;0.0;0.0;0.0
1163;2024-11-25 19:23:00;0.0;0.0;0.0
1164;2024-11-25 19:24:00;0.0;0.0;0.0
1165;2024-11-25 19:25:00;0.0;0.0;0.0
1166;2024-11-25 19:26:00;0.0;0.0;0.0
1167;2024-11-25 19:27:00;0.0;0.0;0.0
1168;2024-11-25 19:28:00;0.0;0.0;0.0
1169;2024-11-25 19:29:00;0.0;0.0;0.0
1170;2024-11-25 19:30:00;0.0;0.0;0.0
1171;2024-11-25 19:31:00;0.0;0.0;0.0
1172;2024-11-25 19:32:00;0.0;0.0;0.0
1173;2024-11-25 19:33:00;0.0;0.0;0.0
1174;2024-11-25 19:34:00;0.0;0.0;0.0
1175;2024-11-25 19:35:00;0.0;0.0;0.0
1176;2024-11-25 19:36:00;0.0;0.0;0.0
1177;2024-11-25 19:37:00;0.0;0.0;0.0
1178;2024-11-25 19:38:00;0.0;0.0;0.0
1179;2024-11-25 19:39:00;0.0;0.0;0.0
1180;2024-11-25 19:40:00;0.0;0.0;0.0
1181;2024-11-25 19:41:00;0.0;0.0;0.0
1182;2024-11-25 19:42:00;0.0;0.0;0.0
1183;2024-11-25 19:43:00;0.0;0.0;0.0
1184;2024-11-25 19:44:00;0.0;0.0;0.0
1185;2024-11-25 19:45:00;0.0;0.0;0.0
1186;2024-11-25 19:46:00;0.0;0.0;0.0
1187;2024-11-25 19:47:00;0.0;0.0;0.0
1188;2024-11-25 19:48:00;0.0;0.0;0.0
1189;2024-11-25 19:49:00;0.0;0.0;0.0
1190;2024-11-25 19:50:00;0.0;0.0;0.0
1191;2024-11-25 19:51:00;0.0;0.0;0.0
1192;2024-11-25 19:52:00;0.0;0.0;0.0
1193;2024-11-25 19:53:00;0.0;0.0;0.0
1194;2024-11-25 19:54:00;0.0;0.0;0.0
1195;2024-11-25 19:55:00;0.0;0.0;0.0
1196;2024-11-25 19:56:00;0.0;0.0;0.0
1197;2024-11-25 19:57:00;0.0;0.0;0.0
1198;2024-11-25 19:58:00;0.0;0.0;0.0
1199;2024-11-25 19:59:00;0.0;0.0;0.0
1200;2024-11-25 20:00:00;0.0;0.0;0.0
1201;2024-11-25 20:01:00;0.0;0.0;0.0
1202;2024-11-25 20:02:00;0.0;0.0;0.0
1203;2024-11-25 20:03:00;0.0;0.0;0.0
1204;2024-11-25 20:04:00;0.0;0.0;0.0
1205;2024-11-25 20:05:00;0.0;0.0;0.0
1206;2024-11-25 20:06:00;0.0;0.0;0.0
1207;2024-11-25 20:07:00;0.0;0.0;0.0
1208;2024-11-25 20:08:00;0.0;0.0;0.0
1209;2024-11-25 20:09:00;0.0;0.0;0.0
1210;2024-11-25 20:10:00;0.0;0.0;0.0
1211;2024-11-25 20:11:00;0.0;0.0;0.0
1212;2024-11-25 20:12:00;0.0;0.0;0.0
1213;2024-11-25 20:13:00;0.0;0.0;0.0
1214;2024-11-25 20:14:00;0.0;0.0;0.0
1215;2024-11-25 20:15:00;0.0;0.0;0.0
1216;2024-11-25 20:16:00;0.0;0.0;0.0
1217;2024-11-25 20:17:00;0.0;0.0;0.0
1218;2024-11-25 20:18:00;0.0;0.0;0.0
1219;2024-11-25 20:19:00;0.0;0.0;0.0
1220;2024-11-25 20:20:00;0.0;0.0;0.0
1221;2024-11-25 20:21:00;0.0;0.0;0.0
1222;2024-11-25 20:22:00;0.0;0.0;0.0
1223;2024-11-25 20:23:00;0.0;0.0;0.0
1224;2024-11-25 20:24:00;0.0;0.0;0.0
1225;2024-11-25 20:25:00;0.0;0.0;0.0
1226;2024-11-25 20:26:00;0.0;0.0;0.0
1227;2024-11-25 20:27:00;0.0;0.0;0.0
1228;2024-11-25 20:28:00;0.0;0.0;0.0
1229;2024-11-25 20:29:00;0.0;0.0;0.0
1230;2024-11-25 20:30:00;0.0;0.0;0.0
1231;2024-11-25 20:31:00;0.0;0.0;0.0
1232;2024-11-25 20:32:00;0.0;0.0;0.0
1233;2024-11-25 20:33:00;0.0;0.0;0.0
1234;2024-11-25 20:34:00;0.0;0.0;0.0
1235;2024-11-25 20:35:00;0.0;0.0;0.0
1236;2024-11-25 20:36:00;0.0;0.0;0.0
1237;2024-11-25 20:37:00;0.0;0.0;0.0
1238;2024-11-25 20:38:00;0.0;0.0;0.0
1239;2024-11-25 20:39:00;0.0;0.0;0.0
1240;2024-11-25 20:40:00;0.0;0.0;0.0
1241;2024-11-25 20:41:00;0.0;0.0;0.0
1242;2024-11-25 20:42:00;0.0;0.0;0.0
1243;2024-11-25 20:43:00;0.0;0.0;0.0
1244;2024-11-25 20:44:00;0.0;0.0;0.0
1245;2024-11-25 20:45:00;0.0;0.0;0.0
1246;2024-11-25 20:46:00;0.0;0.0;0.0
1247;2024-11-25 20:47:00;0.0;0.0;0.0
1248;2024-11-25 20:48:00;0.0;0.0;0.0
1249;2024-11-25 20:49:00;0.0;0.0;0.0
1250;2024-11-25 20:50:00;0.0;0.0;0.0
1251;2024-11-25 20:51:00;0.0;0.0;0.0
1252;2024-11-25 20:52:00;0.0;0.0;0.0
1253;2024-11-25 20:53:00;0.0;0.0;0.0
1254;2024-11-25 20:54:00;0.0;0.0;0.0
1255;2024-11-25 20:55:00;0.0;0.0;0.0
1256;2024-11-25 20:56:00;0.0;0.0;0.0
1257;2024-11-25 20:57:00;0.0;0.0;0.0
1258;2024-11-25 20:58:00;0.0;0.0;0.0
1259;2024-11-25 20:59:00;0.0;0.0;0.0
1260;2024-11-25 21:00:00;0.0;0.0;0.0
1261;2024-11-25 21:01:00;0.0;0.0;0.0
1262;2024-11-25 21:02:00;0.0;0.0;0.0
1263;2024-11-25 21:03:00;0.0;0.0;0.0
1264;2024-11-25 21:04:00;0.0;0.0;0.0
1265;2024-11-25 21:05:00;0.0;0.0;0.0
1266;2024-11-25 21:06:00;0.0;0.0;0.0
1267;2024-11-25 21:07:00;0.0;0.0;0.0
1268;2024-11-25 21:08:00;0.0;0.0;0.0
1269;2024-11-25 21:09:00;0.0;0.0;0.0
1270;2024-11-25 21:10:00;0.0;0.0;0.0
1271;2024-11-25 21:11:00;0.0;0.0;0.0
1272;2024-11-25 21:12:00;0.0;0.0;0.0
1273;2024-11-25 21:13:00;0.0;0.0;0.0
1274;2024-11-25 21:14:00;0.0;0.0;0.0
1275;2024-11-25 21:15:00;0.0;0.0;0.0
1276;2024-11-25 21:16:00;0.0;0.0;0.0
1277;2024-11-25 21:17:00;0.0;0.0;0.0
1278;2024-11-25 21:18:00;0.0;0.0;0.0
1279;2024-11-25 21:19:00;0.0;0.0;0.0
1280;2024-11-25 21:20:00;0.0;0.0;0.0
1281;2024-11-25 21:21:00;0.0;0.0;0.0
1282;2024-11-25 21:22:00;0.0;0.0;0.0
1283;2024-11-25 21:23:00;0.0;0.0;0.0
1284;2024-11-25 21:24:00;0.0;0.0;0.0
1285;2024-11-25 21:25:00;0.0;0.0;0.0
1286;2024-11-25 21:26:00;0.0;0.0;0.0
1287;2024-11-25 21:27:00;0.0;0.0;0.0
1288;2024-11-25 21:28:00;0.0;0.0;0.0
1289;2024-11-25 21:29:00;0.0;0.0;0.0
1290;2024-11-25 21:30:00;0.0;0.0;0.0
1291;2024-11-25 21:31:00;0.0;0.0;0.0
1292;2024-11-25 21:32:00;0.0;0.0;0.0
1293;2024-11-25 21:33:00;0.0;0.0;0.0
1294;2024-11-25 21:34:00;0.0;0.0;0.0
1295;2024-11-25 21:35:00;0.0;0.0;0.0
1296;2024-11-25 21:36:00;0.0;0.0;0.0
1297;2024-11-25 21:37:00;0.0;0.0;0.0
1298;2024-11-25 21:38:00;0.0;0.0;0.0
1299;2024-11-25 21:39:00;0.0;0.0;0.0
1300;2024-11-25 21:40:00;0.0;0.0;0.0
1301;2024-11-25 21:41:00;0.0;0.0;0.0
1302;2024-11-25 21:42:00;0.0;0.0;0.0
1303;2024-11-25 21:43:00;0.0;0.0;0.0
1304;2024-11-25 21:44:00;0.0;0.0;0.0
1305;2024-11-25 21:45:00;0.0;0.0;0.0
1306;2024-11-25 21:46:00;0.0;0.0;0.0
1307;2024-11-25 21:47:00;0.0;0.0;0.0
1308;2024-11-25 21:48:00;0.0;0.0;0.0
1309;2024-11-25 21:49:00;0.0;0.0;0.0
1310;2024-11-25 21:50:00;0.0;0.0;0.0
1311;2024-11-25 21:51:00;0.0;0.0;0.0
1312;2024-11-25 21:52:00;0.0;0.0;0.0
1313;2024-11-25 21:53:00;0.0;0.0;0.0
1314;2024-11-25 21:54:00;0.0;0.0;0.0
1315;2024-11-25 21:55:00;0.0;0.0;0.0
1316;2024-11-25 21:56:00;0.0;0.0;0.0
1317;2024-11-25 21:57:00;0.0;0.0;0.0
1318;2024-11-25 21:58:00;0.0;0.0;0.0
1319;2024-11-25 21:59:00;0.0;0.0;0.0
1320;2024-11-25 22:00:00;0.0;0.0;0.0
1321;2024-11-25 22:01:00;0.0;0.0;0.0
1322;2024-11-25 22:02:00;0.0;0.0;0.0
1323;2024-11-25 22:03:00;0.0;0.0;0.0
1324;2024-11-25 22:04:00;0.0;0.0;0.0
1325;2024-11-25 22:05:00;0.0;0.0;0.0
1326;2024-11-25 22:06:00;0.0;0.0;0.0
1327;2024-11-25 22:07:00;0.0;0.0;0.0
1328;2024-11-25 22:08:00;0.0;0.0;0.0
1329;2024-11-25 22:09:00;0.0;0.0;0.0
1330;2024-11-25 22:10:00;0.0;0.0;0.0
1331;2024-11-25 22:11:00;0.0;0.0;0.0
1332;2024-11-25 22:12:00;0.0;0.0;0.0
1333;2024-11-25 22:13:00;0.0;0.0;0.0
1334;2024-11-25 22:14:00;0.0;0.0;0.0
1335;2024-11-25 22:15:00;0.0;0.0;0.0
1336;2024-11-25 22:16:00;0.0;0.0;0.0
1337;2024-11-25 22:17:00;0.0;0.0;0.0
1338;2024-11-25 22:18:00;0.0;0.0;0.0
1339;2024-11-25 22:19:00;0.0;0.0;0.0
1340;2024-11-25 22:20:00;0.0;0.0;0.0
1341;2024-11-25 22:21:00;0.0;0.0;0.0
1342;2024-11-25 22:22:00;0.0;0.0;0.0
1343;2024-11-25 22:23:00;0.0;0.0;0.0
1344;2024-11-25 22:24:00;0.0;0.0;0.0
1345;2024-11-25 22:25:00;0.0;0.0;0.0
1346;2024-11-25 22:26:00;0.0;0.0;0.0
1347;2024-11-25 22:27:00;0.0;0.0;0.0
1348;2024-11-25 22:28:00;0.0;0.0;0.0
1349;2024-11-25 22:29:00;0.0;0.0;0.0
1350;2024-11-25 22:30:00;0.0;0.0;0.0
1351;2024-11-25 22:31:00;0.0;0.0;0.0
1352;2024-11-25 22:32:00;0.0;0.0;0.0
1353;2024-11-25 22:33:00;0.0;0.0;0.0
1354;2024-11-25 22:34:00;0.0;0.0;0.0
1355;2024-11-25 22:35:00;0.0;0.0;0.0
1356;2024-11-25 22:36:00;0.0;0.0;0.0
1357;2024-11-25 22:37:00;0.0;0.0;0.0
1358;2024-11-25 22:38:00;0.0;0.0;0.0
1359;2024-11-25 22:39:00;0.0;0.0;0.0
1360;2024-11-25 22:40:00;0.0;0.0;0.0
1361;2024-11-25 22:41:00;0.0;0.0;0.0
1362;2024-11-25 22:42:00;0.0;0.0;0.0
1363;2024-11-25 22:43:00;0.0;0.0;0.0
1364;2024-11-25 22:44:00;0.0;0.0;0.0
1365;2024-11-25 22:45:00;0.0;0.0;0.0
1366;2024-11-25 22:46:00;0.0;0.0;0.0
1367;2024-11-25 22:47:00;0.0;0.0;0.0
1368;2024-11-25 22:48:00;0.0;0.0;0.0
1369;2024-11-25 22:49:00;0.0;0.0;0.0
1370;2024-11-25 22:50:00;0.0;0.0;0.0
1371;2024-11-25 22:51:00;0.0;0.0;0.0
1372;2024-11-25 22:52:00;0.0;0.0;0.0
1373;2024-11-25 22:53:00;0.0;0.0;0.0
1374;2024-11-25 22:54:00;0.0;0.0;0.0
1375;2024-11-25 22:55:00;0.0;0.0;0.0
1376;2024-11-25 22:56:00;0.0;0.0;0.0
1377;2024-11-25 22:57:00;0.0;0.0;0.0
1378;2024-11-25 22:58:00;0.0;0.0;0.0
1379;2024-11-25 22:59:00;0.0;0.0;0.0
1380;2024-11-25 23:00:00;0.0;0.0;0.0
1381;2024-11-25 23:01:00;0.0;0.0;0.0
1382;2024-11-25 23:02:00;0.0;0.0;0.0
1383;2024-11-25 23:03:00;0.0;0.0;0.0
1384;2024-11-25 23:04:00;0.0;0.0;0.0
1385;2024-11-25 23:05:00;0.0;0.0;0.0
1386;2024-11-25 23:06:00;0.0;0.0;0.0
1387;2024-11-25 23:07:00;0.0;0.0;0.0
1388;2024-11-25 23:08:00;0.0;0.0;0.0
1389;2024-11-25 23:09:00;0.0;0.0;0.0
1390;2024-11-25 23:10:00;0.0;0.0;0.0
1391;2024-11-25 23:11:00;0.0;0.0;0.0
1392;2024-11-25 23:12:00;0.0;0.0;0.0
1393;2024-11-25 23:13:00;0.0;0.0;0.0
1394;2024-11-25 23:14:00;0.0;0.0;0.0
1395;2024-11-25 23:15:00;0.0;0.0;0.0
1396;2024-11-25 23:16:00;0.0;0.0;0.0
1397;2024-11-25 23:17:00;0.0;0.0;0.0
1398;2024-11-25 23:18:00;0.0;0.0;0.0
1399;2024-11-25 23:19:00;0.0;0.0;0.0
1400;2024-11-25 23:20:00;0.0;0.0;0.0
1401;2024-11-25 23:21:00;0.0;0.0;0.0
1402;2024-11-25 23:22:00;0.0;0.0;0.0
1403;2024-11-25 23:23:00;0.0;0.0;0.0
1404;2024-11-25 23:24:00;0.0;0.0;0.0
1405;2024-11-25 23:25:00;0.0;0.0;0.0
1406;2024-11-25 23:26:00;0.0;0.0;0.0
1407;2024-11-25 23:27:00;0.0;0.0;0.0
1408;2024-11-25 23:28:00;0.0;0.0;0.0
1409;2024-11-25 23:29:00;0.0;0.0;0.0
1410;2024-11-25 23:30:00;0.0;0.0;0.0
1411;2024-11-25 23:31:00;0.0;0.0;0.0
1412;2024-11-25 23:32:00;0.0;0.0;0.0
1413;2024-11-25 23:33:00;0.0;0.0;0.0
1414;2024-11-25 23:34:00;0.0;0.0;0.0
1415;2024-11-25 23:35:00;0.0;0.0;0.0
1416;2024-11-25 23:36:00;0.0;0.0;0.0
1417;2024-11-25 23:37:00;0.0;0.0;0.0
1418;2024-11-25 23:38:00;0.0;0.0;0.0
1419;2024-11-25 23:39:00;0.0;0.0;0.0
1420;2024-11-25 23:40:00;0.0;0.0;0.0
1421;2024-11-25 23:41:00;0.0;0.0;0.0
1422;2024-11-25 23:42:00;0.0;0.0;0.0
1423;2024-11-25 23:43:00;0.0;0.0;0.0
1424;2024-11-25 23:44:00;0.0;0.0;0.0
1425;2024-11-25 23:45:00;0.0;0.0;0.0
1426;2024-11-25 23:46:00;0.0;0.0;0.0
1427;2024-11-25 23:47:00;0.0;0.0;0.0
1428;2024-11-25 23:48:00;0.0;0.0;0.0
1429;2024-11-25 23:49:00;0.0;0.0;0.0
1430;2024-11-25 23:50:00;0.0;0.0;0.0
1431;2024-11-25 23:51:00;0.0;0.0;0.0
1432;2024-11-25 23:52:00;0.0;0.0;0.0
1433;2024-11-25 23:53:00;0.0;0.0;0.0
1434;2024-11-25 23:54:00;0.0;0.0;0.0
1435;2024-11-25 23:55:00;0.0;0.0;0.0
1436;2024-11-25 23:56:00;0.0;0.0;0.0
1437;2024-11-25 23:57:00;0.0;0.0;0.0
1438;2024-11-25 23:58:00;0.0;0.0;0.0
