time;inverter_raw/3/P_float
2024-06-18 00:00:00;0.0
2024-06-18 00:01:00;0.0
2024-06-18 00:02:00;0.0
2024-06-18 00:03:00;0.0
2024-06-18 00:04:00;0.0
2024-06-18 00:05:00;0.0
2024-06-18 00:06:00;0.0
2024-06-18 00:07:00;0.0
2024-06-18 00:08:00;0.0
2024-06-18 00:09:00;0.0
2024-06-18 00:10:00;0.0
2024-06-18 00:11:00;0.0
2024-06-18 00:12:00;0.0
2024-06-18 00:13:00;0.0
2024-06-18 00:14:00;0.0
2024-06-18 00:15:00;0.0
2024-06-18 00:16:00;0.0
2024-06-18 00:17:00;0.0
2024-06-18 00:18:00;0.0
2024-06-18 00:19:00;0.0
2024-06-18 00:20:00;0.0
2024-06-18 00:21:00;0.0
2024-06-18 00:22:00;0.0
2024-06-18 00:23:00;0.0
2024-06-18 00:24:00;0.0
2024-06-18 00:25:00;0.0
2024-06-18 00:26:00;0.0
2024-06-18 00:27:00;0.0
2024-06-18 00:28:00;0.0
2024-06-18 00:29:00;0.0
2024-06-18 00:30:00;0.0
2024-06-18 00:31:00;0.0
2024-06-18 00:32:00;0.0
2024-06-18 00:33:00;0.0
2024-06-18 00:34:00;0.0
2024-06-18 00:35:00;0.0
2024-06-18 00:36:00;0.0
2024-06-18 00:37:00;0.0
2024-06-18 00:38:00;0.0
2024-06-18 00:39:00;0.0
2024-06-18 00:40:00;0.0
2024-06-18 00:41:00;0.0
2024-06-18 00:42:00;0.0
2024-06-18 00:43:00;0.0
2024-06-18 00:44:00;0.0
2024-06-18 00:45:00;0.0
2024-06-18 00:46:00;0.0
2024-06-18 00:47:00;0.0
2024-06-18 00:48:00;0.0
2024-06-18 00:49:00;0.0
2024-06-18 00:50:00;0.0
2024-06-18 00:51:00;0.0
2024-06-18 00:52:00;0.0
2024-06-18 00:53:00;0.0
2024-06-18 00:54:00;0.0
2024-06-18 00:55:00;0.0
2024-06-18 00:56:00;0.0
2024-06-18 00:57:00;0.0
2024-06-18 00:58:00;0.0
2024-06-18 00:59:00;0.0
2024-06-18 01:00:00;0.0
2024-06-18 01:01:00;0.0
2024-06-18 01:02:00;0.0
2024-06-18 01:03:00;0.0
2024-06-18 01:04:00;0.0
2024-06-18 01:05:00;0.0
2024-06-18 01:06:00;0.0
2024-06-18 01:07:00;0.0
2024-06-18 01:08:00;0.0
2024-06-18 01:09:00;0.0
2024-06-18 01:10:00;0.0
2024-06-18 01:11:00;0.0
2024-06-18 01:12:00;0.0
2024-06-18 01:13:00;0.0
2024-06-18 01:14:00;0.0
2024-06-18 01:15:00;0.0
2024-06-18 01:16:00;0.0
2024-06-18 01:17:00;0.0
2024-06-18 01:18:00;0.0
2024-06-18 01:19:00;0.0
2024-06-18 01:20:00;0.0
2024-06-18 01:21:00;0.0
2024-06-18 01:22:00;0.0
2024-06-18 01:23:00;0.0
2024-06-18 01:24:00;0.0
2024-06-18 01:25:00;0.0
2024-06-18 01:26:00;0.0
2024-06-18 01:27:00;0.0
2024-06-18 01:28:00;0.0
2024-06-18 01:29:00;0.0
2024-06-18 01:30:00;0.0
2024-06-18 01:31:00;0.0
2024-06-18 01:32:00;0.0
2024-06-18 01:33:00;0.0
2024-06-18 01:34:00;0.0
2024-06-18 01:35:00;0.0
2024-06-18 01:36:00;0.0
2024-06-18 01:37:00;0.0
2024-06-18 01:38:00;0.0
2024-06-18 01:39:00;0.0
2024-06-18 01:40:00;0.0
2024-06-18 01:41:00;0.0
2024-06-18 01:42:00;0.0
2024-06-18 01:43:00;0.0
2024-06-18 01:44:00;0.0
2024-06-18 01:45:00;0.0
2024-06-18 01:46:00;0.0
2024-06-18 01:47:00;0.0
2024-06-18 01:48:00;0.0
2024-06-18 01:49:00;0.0
2024-06-18 01:50:00;0.0
2024-06-18 01:51:00;0.0
2024-06-18 01:52:00;0.0
2024-06-18 01:53:00;0.0
2024-06-18 01:54:00;0.0
2024-06-18 01:55:00;0.0
2024-06-18 01:56:00;0.0
2024-06-18 01:57:00;0.0
2024-06-18 01:58:00;0.0
2024-06-18 01:59:00;0.0
2024-06-18 02:00:00;0.0
2024-06-18 02:01:00;0.0
2024-06-18 02:02:00;0.0
2024-06-18 02:03:00;0.0
2024-06-18 02:04:00;0.0
2024-06-18 02:05:00;0.0
2024-06-18 02:06:00;0.0
2024-06-18 02:07:00;0.0
2024-06-18 02:08:00;0.0
2024-06-18 02:09:00;0.0
2024-06-18 02:10:00;0.0
2024-06-18 02:11:00;0.0
2024-06-18 02:12:00;0.0
2024-06-18 02:13:00;0.0
2024-06-18 02:14:00;0.0
2024-06-18 02:15:00;0.0
2024-06-18 02:16:00;0.0
2024-06-18 02:17:00;0.0
2024-06-18 02:18:00;0.0
2024-06-18 02:19:00;0.0
2024-06-18 02:20:00;0.0
2024-06-18 02:21:00;0.0
2024-06-18 02:22:00;0.0
2024-06-18 02:23:00;0.0
2024-06-18 02:24:00;0.0
2024-06-18 02:25:00;0.0
2024-06-18 02:26:00;0.0
2024-06-18 02:27:00;0.0
2024-06-18 02:28:00;0.0
2024-06-18 02:29:00;0.0
2024-06-18 02:30:00;0.0
2024-06-18 02:31:00;0.0
2024-06-18 02:32:00;0.0
2024-06-18 02:33:00;0.0
2024-06-18 02:34:00;0.0
2024-06-18 02:35:00;0.0
2024-06-18 02:36:00;0.0
2024-06-18 02:37:00;0.0
2024-06-18 02:38:00;0.0
2024-06-18 02:39:00;0.0
2024-06-18 02:40:00;0.0
2024-06-18 02:41:00;0.0
2024-06-18 02:42:00;0.0
2024-06-18 02:43:00;0.0
2024-06-18 02:44:00;0.0
2024-06-18 02:45:00;0.0
2024-06-18 02:46:00;0.0
2024-06-18 02:47:00;0.0
2024-06-18 02:48:00;0.0
2024-06-18 02:49:00;0.0
2024-06-18 02:50:00;0.0
2024-06-18 02:51:00;0.0
2024-06-18 02:52:00;0.0
2024-06-18 02:53:00;0.0
2024-06-18 02:54:00;0.0
2024-06-18 02:55:00;0.0
2024-06-18 02:56:00;0.0
2024-06-18 02:57:00;0.0
2024-06-18 02:58:00;0.0
2024-06-18 02:59:00;0.0
2024-06-18 03:00:00;0.0
2024-06-18 03:01:00;0.0
2024-06-18 03:02:00;0.0
2024-06-18 03:03:00;0.0
2024-06-18 03:04:00;0.0
2024-06-18 03:05:00;0.0
2024-06-18 03:06:00;0.0
2024-06-18 03:07:00;0.0
2024-06-18 03:08:00;0.0
2024-06-18 03:09:00;0.0
2024-06-18 03:10:00;0.0
2024-06-18 03:11:00;0.0
2024-06-18 03:12:00;0.0
2024-06-18 03:13:00;0.0
2024-06-18 03:14:00;0.0
2024-06-18 03:15:00;0.0
2024-06-18 03:16:00;0.0
2024-06-18 03:17:00;0.0
2024-06-18 03:18:00;0.0
2024-06-18 03:19:00;0.0
2024-06-18 03:20:00;0.0
2024-06-18 03:21:00;0.0
2024-06-18 03:22:00;0.0
2024-06-18 03:23:00;0.0
2024-06-18 03:24:00;0.13284573554992676
2024-06-18 03:25:00;0.708681583404541
2024-06-18 03:26:00;3.901880705356598
2024-06-18 03:27:00;2.0332637786865235
2024-06-18 03:28:00;1.4002089977264405
2024-06-18 03:29:00;2.26652729511261
2024-06-18 03:30:00;5.068826067447662
2024-06-18 03:31:00;6.420236647129059
2024-06-18 03:32:00;2.599582087993622
2024-06-18 03:33:00;5.202298724651337
2024-06-18 03:34:00;5.535980319976806
2024-06-18 03:35:00;5.402507722377777
2024-06-18 03:36:00;5.602716684341431
2024-06-18 03:37:00;5.335771322250366
2024-06-18 03:38:00;9.256530404090881
2024-06-18 03:39:00;13.410866737365723
2024-06-18 03:40:00;19.832384003533257
2024-06-18 03:41:00;28.28565173678928
2024-06-18 03:42:00;35.56732711791992
2024-06-18 03:43:00;40.30560531616211
2024-06-18 03:44:00;49.715427822536896
2024-06-18 03:45:00;58.05746841430664
2024-06-18 03:46:00;70.60389633178711
2024-06-18 03:47:00;80.78489430745442
2024-06-18 03:48:00;89.1565948486328
2024-06-18 03:49:00;91.29215698242187
2024-06-18 03:50:00;87.15450515747071
2024-06-18 03:51:00;79.34635467529297
2024-06-18 03:52:00;78.4120475769043
2024-06-18 03:53:00;75.74259338378906
2024-06-18 03:54:00;75.82601547241211
2024-06-18 03:55:00;71.00431594848632
2024-06-18 03:56:00;69.53611602783204
2024-06-18 03:57:00;68.93549041748047
2024-06-18 03:58:00;67.13360710144043
2024-06-18 03:59:00;62.06164779663086
2024-06-18 04:00:00;59.94833077324761
2024-06-18 04:01:00;61.59449424743652
2024-06-18 04:02:00;63.86352882385254
2024-06-18 04:03:00;66.64977169036865
2024-06-18 04:04:00;66.26603698730469
2024-06-18 04:05:00;65.39846420288086
2024-06-18 04:06:00;68.7352783203125
2024-06-18 04:07:00;71.2712615966797
2024-06-18 04:08:00;77.01058425903321
2024-06-18 04:09:00;84.01790008544921
2024-06-18 04:10:00;90.49132232666015
2024-06-18 04:11:00;92.02625961303711
2024-06-18 04:12:00;94.09508514404297
2024-06-18 04:13:00;100.70197982788086
2024-06-18 04:14:00;111.9136833190918
2024-06-18 04:15:00;118.70410442352295
2024-06-18 04:16:00;126.71245765686035
2024-06-18 04:17:00;126.3287254333496
2024-06-18 04:18:00;132.40173416137696
2024-06-18 04:19:00;132.66868286132814
2024-06-18 04:20:00;131.06700744628907
2024-06-18 04:21:00;134.85191127232142
2024-06-18 04:22:00;137.40696411132814
2024-06-18 04:23:00;148.35171813964843
2024-06-18 04:24:00;154.62493133544922
2024-06-18 04:25:00;153.74994574652777
2024-06-18 04:26:00;155.42576751708984
2024-06-18 04:27:00;159.69688873291017
2024-06-18 04:28:00;159.8303649902344
2024-06-18 04:29:00;162.90023803710938
2024-06-18 04:30:00;169.03997802734375
2024-06-18 04:31:00;179.25063934326172
2024-06-18 04:32:00;180.2516845703125
2024-06-18 04:33:00;178.38306274414063
2024-06-18 04:34:00;181.185986328125
2024-06-18 04:35:00;182.7209259033203
2024-06-18 04:36:00;182.9878662109375
2024-06-18 04:37:00;188.3267807006836
2024-06-18 04:38:00;195.00040740966796
2024-06-18 04:39:00;198.47069549560547
2024-06-18 04:40:00;203.6538848876953
2024-06-18 04:41:00;204.74390869140626
2024-06-18 04:42:00;197.49931165907117
2024-06-18 04:43:00;195.00040740966796
2024-06-18 04:44:00;196.7856044769287
2024-06-18 04:45:00;197.12855868869357
2024-06-18 04:46:00;194.60740661621094
2024-06-18 04:47:00;191.36327743530273
2024-06-18 04:48:00;193.34683397081164
2024-06-18 04:49:00;189.52802581787108
2024-06-18 04:50:00;183.45502471923828
2024-06-18 04:51:00;180.3851531982422
2024-06-18 04:52:00;178.91695404052734
2024-06-18 04:53:00;179.5175811767578
2024-06-18 04:54:00;174.1119384765625
2024-06-18 04:55:00;170.30796813964844
2024-06-18 04:56:00;165.70316314697266
2024-06-18 04:57:00;160.4977279663086
2024-06-18 04:58:00;161.0316146850586
2024-06-18 04:59:00;159.7636260986328
2024-06-18 05:00:00;159.02952575683594
2024-06-18 05:01:00;158.29542541503906
2024-06-18 05:02:00;154.65830039978027
2024-06-18 05:03:00;148.28498382568358
2024-06-18 05:04:00;151.88874359130858
2024-06-18 05:05:00;150.62075500488282
2024-06-18 05:06:00;149.9533920288086
2024-06-18 05:07:00;149.08582305908203
2024-06-18 05:08:00;146.8835189819336
2024-06-18 05:09:00;154.02430267333983
2024-06-18 05:10:00;159.07958221435547
2024-06-18 05:11:00;157.49459381103514
2024-06-18 05:12:00;167.23810119628905
2024-06-18 05:13:00;176.7813949584961
2024-06-18 05:14:00;180.18494606018066
2024-06-18 05:15:00;178.18285369873047
2024-06-18 05:16:00;190.86275329589844
2024-06-18 05:17:00;193.93262786865233
2024-06-18 05:18:00;196.7355529785156
2024-06-18 05:19:00;196.2016616821289
2024-06-18 05:20:00;197.7365936279297
2024-06-18 05:21:00;200.20583801269532
2024-06-18 05:22:00;202.98651801215277
2024-06-18 05:23:00;204.34349365234374
2024-06-18 05:24:00;208.34767303466796
2024-06-18 05:25:00;211.96812057495117
2024-06-18 05:26:00;214.22047119140626
2024-06-18 05:27:00;216.55624050564236
2024-06-18 05:28:00;221.82840881347656
2024-06-18 05:29:00;222.19175381130643
2024-06-18 05:30:00;230.9712890625
2024-06-18 05:31:00;244.31854858398438
2024-06-18 05:32:00;252.66059265136718
2024-06-18 05:33:00;252.86080322265624
2024-06-18 05:34:00;254.79615478515626
2024-06-18 05:35:00;263.79072740342883
2024-06-18 05:36:00;274.5501220703125
2024-06-18 05:37:00;281.73538886176215
2024-06-18 05:38:00;289.2246839735243
2024-06-18 05:39:00;291.55118560791016
2024-06-18 05:40:00;309.920361328125
2024-06-18 05:41:00;318.7962921142578
2024-06-18 05:42:00;327.9391754150391
2024-06-18 05:43:00;339.1008110046387
2024-06-18 05:44:00;356.30210876464844
2024-06-18 05:45:00;364.96115493774414
2024-06-18 05:46:00;377.8579406738281
2024-06-18 05:47:00;390.4711090087891
2024-06-18 05:48:00;407.5055465698242
2024-06-18 05:49:00;421.7037078857422
2024-06-18 05:50:00;434.1166656494141
2024-06-18 05:51:00;446.79656372070315
2024-06-18 05:52:00;459.8101440429688
2024-06-18 05:53:00;474.6256164550781
2024-06-18 05:54:00;466.48378295898436
2024-06-18 05:55:00;504.5234802246094
2024-06-18 05:56:00;499.9631618923611
2024-06-18 05:57:00;509.66217041015625
2024-06-18 05:58:00;530.2911173502604
2024-06-18 05:59:00;537.7581787109375
2024-06-18 06:00:00;554.4422607421875
2024-06-18 06:01:00;555.4432983398438
2024-06-18 06:02:00;559.210191514757
2024-06-18 06:03:00;538.3588012695312
2024-06-18 06:04:00;549.9041687011719
2024-06-18 06:05:00;584.6070922851562
2024-06-18 06:06:00;609.4329895019531
2024-06-18 06:07:00;594.9512084960937
2024-06-18 06:08:00;595.8855285644531
2024-06-18 06:09:00;632.5237731933594
2024-06-18 06:10:00;639.9982238769531
2024-06-18 06:11:00;678.3048767089844
2024-06-18 06:12:00;694.98896484375
2024-06-18 06:13:00;687.0473266601563
2024-06-18 06:14:00;663.6062088012695
2024-06-18 06:15:00;673.9225192599827
2024-06-18 06:16:00;715.6104736328125
2024-06-18 06:17:00;760.6797417534722
2024-06-18 06:18:00;802.0340209960938
2024-06-18 06:19:00;821.7879760742187
2024-06-18 06:20:00;802.6346496582031
2024-06-18 06:21:00;807.5731323242187
2024-06-18 06:22:00;834.46787109375
2024-06-18 06:23:00;842.8766479492188
2024-06-18 06:24:00;855.7567687988281
2024-06-18 06:25:00;830.9975769042969
2024-06-18 06:26:00;893.6629943847656
2024-06-18 06:27:00;920.8246765136719
2024-06-18 06:28:00;934.4389038085938
2024-06-18 06:29:00;948.7871948242188
2024-06-18 06:30:00;949.5213134765625
2024-06-18 06:31:00;901.5378845214843
2024-06-18 06:32:00;942.7809448242188
2024-06-18 06:33:00;955.46083984375
2024-06-18 06:34:00;931.5988837348091
2024-06-18 06:35:00;953.9926330566407
2024-06-18 06:36:00;1030.6059326171876
2024-06-18 06:37:00;1062.973046875
2024-06-18 06:38:00;1059.369287109375
2024-06-18 06:39:00;1006.5141174316407
2024-06-18 06:40:00;875.5107116699219
2024-06-18 06:41:00;765.3957763671875
2024-06-18 06:42:00;696.974365234375
2024-06-18 06:43:00;1020.1283203125
2024-06-18 06:44:00;1053.42973109654
2024-06-18 06:45:00;1134.2474609375
2024-06-18 06:46:00;1161.07548828125
2024-06-18 06:47:00;1188.9045043945312
2024-06-18 06:48:00;1197.4319390190972
2024-06-18 06:49:00;1108.020086669922
2024-06-18 06:50:00;1116.5623168945312
2024-06-18 06:51:00;1004.5120239257812
2024-06-18 06:52:00;1087.7618815104167
2024-06-18 06:53:00;1177.6928100585938
2024-06-18 06:54:00;1222.773178100586
2024-06-18 06:55:00;1224.8753662109375
2024-06-18 06:56:00;1214.4644897460937
2024-06-18 06:57:00;1193.442578125
2024-06-18 06:58:00;1199.1151733398438
2024-06-18 06:59:00;1174.1557495117188
2024-06-18 07:00:00;1196.97958984375
2024-06-18 07:01:00;1121.0336547851562
2024-06-18 07:02:00;1101.8135864257813
2024-06-18 07:03:00;1195.3779418945312
2024-06-18 07:04:00;1200.7836059570313
2024-06-18 07:05:00;1224.4972195095486
2024-06-18 07:06:00;1342.0643920898438
2024-06-18 07:07:00;1382.1728759765624
2024-06-18 07:08:00;1469.7976806640625
2024-06-18 07:09:00;1479.4077392578124
2024-06-18 07:10:00;1460.1876708984375
2024-06-18 07:11:00;1535.5626220703125
2024-06-18 07:12:00;1561.812255859375
2024-06-18 07:13:00;1567.499658203125
2024-06-18 07:14:00;1570.0430772569443
2024-06-18 07:15:00;1595.5789947509766
2024-06-18 07:16:00;1649.3851440429687
2024-06-18 07:17:00;1669.0723724365234
2024-06-18 07:18:00;1684.2882446289063
2024-06-18 07:19:00;1650.853369140625
2024-06-18 07:20:00;1652.1213134765626
2024-06-18 07:21:00;1732.6572265625
2024-06-18 07:22:00;1761.5689086914062
2024-06-18 07:23:00;1781.7900268554688
2024-06-18 07:24:00;1738.0776977539062
2024-06-18 07:25:00;1793.0684448242187
2024-06-18 07:26:00;1814.8912200927734
2024-06-18 07:27:00;1799.1414794921875
2024-06-18 07:28:00;1776.5178466796874
2024-06-18 07:29:00;1834.4449829101563
2024-06-18 07:30:00;1897.9779663085938
2024-06-18 07:31:00;1901.8486572265624
2024-06-18 07:32:00;1900.5806640625
2024-06-18 07:33:00;1984.5349975585937
2024-06-18 07:34:00;1962.9791381835937
2024-06-18 07:35:00;2045.5987182617187
2024-06-18 07:36:00;2074.095104980469
2024-06-18 07:37:00;2088.4434326171877
2024-06-18 07:38:00;2132.489453125
2024-06-18 07:39:00;2130.287158203125
2024-06-18 07:40:00;2095.917919921875
2024-06-18 07:41:00;2079.4340087890623
2024-06-18 07:42:00;2055.058624267578
2024-06-18 07:43:00;1988.53916015625
2024-06-18 07:44:00;1766.6408813476562
2024-06-18 07:45:00;2065.4027404785156
2024-06-18 07:46:00;2085.673873901367
2024-06-18 07:47:00;2078.7666870117187
2024-06-18 07:48:00;1845.7234130859374
2024-06-18 07:49:00;1873.5524658203126
2024-06-18 07:50:00;1958.107373046875
2024-06-18 07:51:00;1733.072509765625
2024-06-18 07:52:00;1862.6077026367188
2024-06-18 07:53:00;1829.1060668945313
2024-06-18 07:54:00;2112.33505859375
2024-06-18 07:55:00;2313.41162109375
2024-06-18 07:56:00;2160.251708984375
2024-06-18 07:57:00;2265.428173828125
2024-06-18 07:58:00;2071.5591552734377
2024-06-18 07:59:00;2087.4423828125
2024-06-18 08:00:00;2167.39248046875
2024-06-18 08:01:00;2267.96416015625
2024-06-18 08:02:00;2224.0682983398438
2024-06-18 08:03:00;2136.9311252170137
2024-06-18 08:04:00;1864.276123046875
2024-06-18 08:05:00;1697.7689575195313
2024-06-18 08:06:00;1970.1366271972656
2024-06-18 08:07:00;2149.10673828125
2024-06-18 08:08:00;2076.831262207031
2024-06-18 08:09:00;2127.083740234375
2024-06-18 08:10:00;2171.997314453125
2024-06-18 08:11:00;2159.1839599609375
2024-06-18 08:12:00;1979.93017578125
2024-06-18 08:13:00;1911.1249877929688
2024-06-18 08:14:00;2070.024206542969
2024-06-18 08:15:00;1914.8622436523438
2024-06-18 08:16:00;1826.1696899414062
2024-06-18 08:17:00;2290.05380859375
2024-06-18 08:18:00;2492.7988525390624
2024-06-18 08:19:00;2437.6245727539062
2024-06-18 08:20:00;2257.7535400390625
2024-06-18 08:21:00;1901.9154296875
2024-06-18 08:22:00;1938.6036682128906
2024-06-18 08:23:00;2094.5164428710937
2024-06-18 08:24:00;2233.0610107421876
2024-06-18 08:25:00;2311.4094970703127
2024-06-18 08:26:00;2506.4797607421874
2024-06-18 08:27:00;2649.26220703125
2024-06-18 08:28:00;2657.637548828125
2024-06-18 08:29:00;2421.4576904296873
2024-06-18 08:30:00;2330.0956298828123
2024-06-18 08:31:00;2557.1325927734374
2024-06-18 08:32:00;2474.3128662109375
2024-06-18 08:33:00;2480.98642578125
2024-06-18 08:34:00;2252.6148193359377
2024-06-18 08:35:00;2367.2677978515626
2024-06-18 08:36:00;2359.7266845703125
2024-06-18 08:37:00;2378.212548828125
2024-06-18 08:38:00;2365.5325927734375
2024-06-18 08:39:00;2237.1319091796877
2024-06-18 08:40:00;2054.474645996094
2024-06-18 08:41:00;2347.3803955078124
2024-06-18 08:42:00;2655.3685546875
2024-06-18 08:43:00;2606.0027204241073
2024-06-18 08:44:00;2384.0853271484375
2024-06-18 08:45:00;2625.6041259765625
2024-06-18 08:46:00;2558.8677978515625
2024-06-18 08:47:00;2610.7219482421874
2024-06-18 08:48:00;2724.7075439453124
2024-06-18 08:49:00;2607.792914496528
2024-06-18 08:50:00;2510.951141357422
2024-06-18 08:51:00;2688.9369140625
2024-06-18 08:52:00;2750.1341064453127
2024-06-18 08:53:00;2782.501171875
2024-06-18 08:54:00;2834.8224853515626
2024-06-18 08:55:00;2841.9633178710938
2024-06-18 08:56:00;2824.344873046875
2024-06-18 08:57:00;3026.8896728515624
2024-06-18 08:58:00;3143.611474609375
2024-06-18 08:59:00;3119.853369140625
2024-06-18 09:00:00;3130.73134765625
2024-06-18 09:01:00;3144.4123046875
2024-06-18 09:02:00;3133.4676025390627
2024-06-18 09:03:00;3150.2851318359376
2024-06-18 09:04:00;3178.8482421875
2024-06-18 09:05:00;3201.3013780381943
2024-06-18 09:06:00;3046.17646484375
2024-06-18 09:07:00;3092.558203125
2024-06-18 09:08:00;2960.220068359375
2024-06-18 09:09:00;3072.337060546875
2024-06-18 09:10:00;3163.484076605903
2024-06-18 09:11:00;3277.4177978515627
2024-06-18 09:12:00;3251.2572509765623
2024-06-18 09:13:00;3272.2124267578124
2024-06-18 09:14:00;3323.265673828125
2024-06-18 09:15:00;3338.2312927246094
2024-06-18 09:16:00;3332.62353515625
2024-06-18 09:17:00;3283.023681640625
2024-06-18 09:18:00;3247.942626953125
2024-06-18 09:19:00;3236.1747802734376
2024-06-18 09:20:00;3309.98515625
2024-06-18 09:21:00;3371.0488525390624
2024-06-18 09:22:00;3292.099853515625
2024-06-18 09:23:00;3303.44501953125
2024-06-18 09:24:00;3204.8605685763887
2024-06-18 09:25:00;3307.71611328125
2024-06-18 09:26:00;3342.559868706597
2024-06-18 09:27:00;3351.6286376953126
2024-06-18 09:28:00;3375.1864501953123
2024-06-18 09:29:00;3386.331494140625
2024-06-18 09:30:00;3370.5149658203127
2024-06-18 09:31:00;3379.39091796875
2024-06-18 09:32:00;3384.8632568359376
2024-06-18 09:33:00;3379.65791015625
2024-06-18 09:34:00;3389.935302734375
2024-06-18 09:35:00;3421.3680419921875
2024-06-18 09:36:00;3439.0531982421876
2024-06-18 09:37:00;3441.2555419921873
2024-06-18 09:38:00;3424.1710205078125
2024-06-18 09:39:00;3449.731005859375
2024-06-18 09:40:00;3457.872802734375
2024-06-18 09:41:00;3462.07724609375
2024-06-18 09:42:00;3458.6069580078124
2024-06-18 09:43:00;3453.1345947265627
2024-06-18 09:44:00;3491.774951171875
2024-06-18 09:45:00;3493.1095947265626
2024-06-18 09:46:00;3512.8635986328127
2024-06-18 09:47:00;3528.2630004882812
2024-06-18 09:48:00;3530.548681640625
2024-06-18 09:49:00;3492.7759521484377
2024-06-18 09:50:00;3517.6685791015625
2024-06-18 09:51:00;3437.5849853515624
2024-06-18 09:52:00;3488.50478515625
2024-06-18 09:53:00;3486.8363525390623
2024-06-18 09:54:00;3518.1505262586807
2024-06-18 09:55:00;3521.8062255859377
2024-06-18 09:56:00;3550.5696044921874
2024-06-18 09:57:00;3548.1003662109374
2024-06-18 09:58:00;3589.00966796875
2024-06-18 09:59:00;3599.5688747829863
2024-06-18 10:00:00;3551.236962890625
2024-06-18 10:01:00;3573.8605224609373
2024-06-18 10:02:00;3597.8856201171875
2024-06-18 10:03:00;3618.6258138020835
2024-06-18 10:04:00;3607.6958984375
2024-06-18 10:05:00;3604.75947265625
2024-06-18 10:06:00;3600.236273871528
2024-06-18 10:07:00;3596.8178955078124
2024-06-18 10:08:00;3597.2849853515627
2024-06-18 10:09:00;3577.5310791015627
2024-06-18 10:10:00;3580.3636610243057
2024-06-18 10:11:00;3580.5119357638887
2024-06-18 10:12:00;3595.2829345703126
2024-06-18 10:13:00;3617.2391357421875
2024-06-18 10:14:00;3626.5822265625
2024-06-18 10:15:00;3619.7083740234375
2024-06-18 10:16:00;3624.9805908203125
2024-06-18 10:17:00;3649.673095703125
2024-06-18 10:18:00;3675.900390625
2024-06-18 10:19:00;3674.3655029296874
2024-06-18 10:20:00;3650.54052734375
2024-06-18 10:21:00;3668.8262532552085
2024-06-18 10:22:00;3713.0725341796874
2024-06-18 10:23:00;3648.4051025390627
2024-06-18 10:24:00;2997.3254150390626
2024-06-18 10:25:00;3216.8879638671874
2024-06-18 10:26:00;3679.3558756510415
2024-06-18 10:27:00;3721.8150390625
2024-06-18 10:28:00;3722.048614501953
2024-06-18 10:29:00;3706.9328125
2024-06-18 10:30:00;3703.2623291015625
2024-06-18 10:31:00;3716.4093505859373
2024-06-18 10:32:00;3711.404150390625
2024-06-18 10:33:00;3709.0683349609376
2024-06-18 10:34:00;3735.629443359375
2024-06-18 10:35:00;3714.2812228732637
2024-06-18 10:36:00;3714.0164620535716
2024-06-18 10:37:00;3716.94326171875
2024-06-18 10:38:00;3699.8587158203127
2024-06-18 10:39:00;3698.45732421875
2024-06-18 10:40:00;3675.3665283203127
2024-06-18 10:41:00;3681.37275390625
2024-06-18 10:42:00;3705.447784423828
2024-06-18 10:43:00;3714.073583984375
2024-06-18 10:44:00;3712.7388916015625
2024-06-18 10:45:00;3732.4927978515625
2024-06-18 10:46:00;3733.3603759765624
2024-06-18 10:47:00;3744.7055419921876
2024-06-18 10:48:00;3758.987109375
2024-06-18 10:49:00;3754.7493591308594
2024-06-18 10:50:00;3707.1997802734377
2024-06-18 10:51:00;3714.40732421875
2024-06-18 10:52:00;3739.233154296875
2024-06-18 10:53:00;3762.924560546875
2024-06-18 10:54:00;3762.05703125
2024-06-18 10:55:00;3762.8578369140623
2024-06-18 10:56:00;3736.3134155273438
2024-06-18 10:57:00;3736.230078125
2024-06-18 10:58:00;3752.44697265625
2024-06-18 10:59:00;3754.515771484375
2024-06-18 11:00:00;3767.395947265625
2024-06-18 11:01:00;3750.1779296875
2024-06-18 11:02:00;3770.73271484375
2024-06-18 11:03:00;3775.8046875
2024-06-18 11:04:00;3795.75888671875
2024-06-18 11:05:00;3822.5868896484376
2024-06-18 11:06:00;3848.013397216797
2024-06-18 11:07:00;3811.84228515625
2024-06-18 11:08:00;3818.1155517578127
2024-06-18 11:09:00;3832.196875
2024-06-18 11:10:00;3837.2021240234376
2024-06-18 11:11:00;3825.656689453125
2024-06-18 11:12:00;3818.115576171875
2024-06-18 11:13:00;3831.3293212890626
2024-06-18 11:14:00;3848.013427734375
2024-06-18 11:15:00;3847.079052734375
2024-06-18 11:16:00;3807.3042236328124
2024-06-18 11:17:00;3841.0894470214844
2024-06-18 11:18:00;3833.464892578125
2024-06-18 11:19:00;3842.274072265625
2024-06-18 11:20:00;3851.0165201822915
2024-06-18 11:21:00;3831.2922092013887
2024-06-18 11:22:00;3817.7150634765626
2024-06-18 11:23:00;3834.9997802734374
2024-06-18 11:24:00;3853.4189697265624
2024-06-18 11:25:00;3848.7474609375
2024-06-18 11:26:00;3785.8818603515624
2024-06-18 11:27:00;3702.72841796875
2024-06-18 11:28:00;3544.1628662109374
2024-06-18 11:29:00;3400.4796142578125
2024-06-18 11:30:00;3308.1165283203127
2024-06-18 11:31:00;3370.314794921875
2024-06-18 11:32:00;3624.0462646484375
2024-06-18 11:33:00;3333.609765625
2024-06-18 11:34:00;3549.6352783203124
2024-06-18 11:35:00;3554.2400634765627
2024-06-18 11:36:00;3626.715771484375
2024-06-18 11:37:00;3547.76669921875
2024-06-18 11:38:00;3543.1619140625
2024-06-18 11:39:00;3596.0837131076387
2024-06-18 11:40:00;3309.58466796875
2024-06-18 11:41:00;3596.8845947265627
2024-06-18 11:42:00;3543.2285400390624
2024-06-18 11:43:00;3678.9703125
2024-06-18 11:44:00;3659.854058159722
2024-06-18 11:45:00;3512.5965576171875
2024-06-18 11:46:00;3398.4700520833335
2024-06-18 11:47:00;3153.08798828125
2024-06-18 11:48:00;3201.471875
2024-06-18 11:49:00;3153.555224609375
2024-06-18 11:50:00;3759.053857421875
2024-06-18 11:51:00;3868.3679443359374
2024-06-18 11:52:00;3875.5087890625
2024-06-18 11:53:00;3758.1196044921876
2024-06-18 11:54:00;3776.4720458984375
2024-06-18 11:55:00;3683.842041015625
2024-06-18 11:56:00;3546.4319091796874
2024-06-18 11:57:00;3394.3398681640624
2024-06-18 11:58:00;3358.0352783203125
2024-06-18 11:59:00;3329.2718994140623
2024-06-18 12:00:00;3168.0369384765627
2024-06-18 12:01:00;3127.8616943359375
2024-06-18 12:02:00;3049.7801513671875
2024-06-18 12:03:00;2981.508984375
2024-06-18 12:04:00;2841.6963623046877
2024-06-18 12:05:00;2811.1977783203124
2024-06-18 12:06:00;3238.710791015625
2024-06-18 12:07:00;3525.2598571777344
2024-06-18 12:08:00;3588.3423828125
2024-06-18 12:09:00;3608.3466186523438
2024-06-18 12:10:00;3580.86787109375
2024-06-18 12:11:00;3556.1087646484375
2024-06-18 12:12:00;3509.3932861328126
2024-06-18 12:13:00;3392.2413736979165
2024-06-18 12:14:00;3270.94443359375
2024-06-18 12:15:00;3169.638671875
2024-06-18 12:16:00;3226.2977783203123
2024-06-18 12:17:00;3208.2122314453127
2024-06-18 12:18:00;3231.503173828125
2024-06-18 12:19:00;3219.190399169922
2024-06-18 12:20:00;3329.5388671875
2024-06-18 12:21:00;3463.94580078125
2024-06-18 12:22:00;3293.634716796875
2024-06-18 12:23:00;3175.9785888671877
2024-06-18 12:24:00;3325.6681640625
2024-06-18 12:25:00;3380.859130859375
2024-06-18 12:26:00;3305.9809814453124
2024-06-18 12:27:00;3063.110809326172
2024-06-18 12:28:00;2595.2390869140627
2024-06-18 12:29:00;2804.99130859375
2024-06-18 12:30:00;3219.8243896484373
2024-06-18 12:31:00;2957.1501708984374
2024-06-18 12:32:00;2497.2034423828127
2024-06-18 12:33:00;3091.6906494140626
2024-06-18 12:34:00;3299.7744873046877
2024-06-18 12:35:00;3404.617236328125
2024-06-18 12:36:00;3298.9068603515625
2024-06-18 12:37:00;3343.153076171875
2024-06-18 12:38:00;3293.684783935547
2024-06-18 12:39:00;3108.6416259765624
2024-06-18 12:40:00;3347.2240234375
2024-06-18 12:41:00;3165.5009765625
2024-06-18 12:42:00;3071.2396647135415
2024-06-18 12:43:00;3210.1253255208335
2024-06-18 12:44:00;3221.9599609375
2024-06-18 12:45:00;2975.56943359375
2024-06-18 12:46:00;2964.157470703125
2024-06-18 12:47:00;3261.8015380859374
2024-06-18 12:48:00;3441.4557373046873
2024-06-18 12:49:00;3100.455322265625
2024-06-18 12:50:00;2686.534375
2024-06-18 12:51:00;2864.134575737847
2024-06-18 12:52:00;3050.9814697265624
2024-06-18 12:53:00;3003.465185546875
2024-06-18 12:54:00;3199.60322265625
2024-06-18 12:55:00;3348.2917724609374
2024-06-18 12:56:00;3396.7646213107637
2024-06-18 12:57:00;3399.9456787109375
2024-06-18 12:58:00;3191.0610107421876
2024-06-18 12:59:00;3284.5919494628906
2024-06-18 13:00:00;3311.653564453125
2024-06-18 13:01:00;3136.270477294922
2024-06-18 13:02:00;3295.399468315972
2024-06-18 13:03:00;3416.095947265625
2024-06-18 13:04:00;3389.127007378472
2024-06-18 13:05:00;3347.1572998046877
2024-06-18 13:06:00;3357.9685791015627
2024-06-18 13:07:00;3290.3646484375
2024-06-18 13:08:00;3165.9310438368057
2024-06-18 13:09:00;3042.706103515625
2024-06-18 13:10:00;3178.981689453125
2024-06-18 13:11:00;3145.947216796875
2024-06-18 13:12:00;3120.031304253472
2024-06-18 13:13:00;3144.8126953125
2024-06-18 13:14:00;3137.5384521484375
2024-06-18 13:15:00;3236.5752197265624
2024-06-18 13:16:00;3168.0369384765627
2024-06-18 13:17:00;2984.11162109375
2024-06-18 13:18:00;2815.468994140625
2024-06-18 13:19:00;2767.6190673828123
2024-06-18 13:20:00;2799.385546875
2024-06-18 13:21:00;3121.0546630859376
2024-06-18 13:22:00;3083.2818115234377
2024-06-18 13:23:00;3132.666748046875
2024-06-18 13:24:00;3161.76376953125
2024-06-18 13:25:00;3043.03984375
2024-06-18 13:26:00;2948.4077392578124
2024-06-18 13:27:00;3083.919623480903
2024-06-18 13:28:00;3220.9514431423613
2024-06-18 13:29:00;3275.348974609375
2024-06-18 13:30:00;3265.5387451171873
2024-06-18 13:31:00;3175.644873046875
2024-06-18 13:32:00;3147.6824462890627
2024-06-18 13:33:00;3158.293426513672
2024-06-18 13:34:00;3036.9667724609376
2024-06-18 13:35:00;2819.8735107421876
2024-06-18 13:36:00;2863.1853759765627
2024-06-18 13:37:00;2893.6004943847656
2024-06-18 13:38:00;2910.568212890625
2024-06-18 13:39:00;2930.2035319010415
2024-06-18 13:40:00;3113.0610622829863
2024-06-18 13:41:00;3110.7437744140625
2024-06-18 13:42:00;3060.2577880859376
2024-06-18 13:43:00;2905.36279296875
2024-06-18 13:44:00;2841.02900390625
2024-06-18 13:45:00;2587.8980712890625
2024-06-18 13:46:00;2710.9376356336807
2024-06-18 13:47:00;2839.3606201171874
2024-06-18 13:48:00;2905.6297607421875
2024-06-18 13:49:00;2800.2531005859373
2024-06-18 13:50:00;2865.3876953125
2024-06-18 13:51:00;3019.348388671875
2024-06-18 13:52:00;3041.705078125
2024-06-18 13:53:00;3081.6134521484373
2024-06-18 13:54:00;3112.846044921875
2024-06-18 13:55:00;2975.5694091796877
2024-06-18 13:56:00;2370.137451171875
2024-06-18 13:57:00;2925.2502685546874
2024-06-18 13:58:00;3124.4581787109373
2024-06-18 13:59:00;3166.5687744140623
2024-06-18 14:00:00;3105.5050537109373
2024-06-18 14:01:00;3099.2317810058594
2024-06-18 14:02:00;3101.8345458984377
2024-06-18 14:03:00;2993.3212646484376
2024-06-18 14:04:00;2962.0219482421876
2024-06-18 14:05:00;2973.7675537109376
2024-06-18 14:06:00;2780.0320068359374
2024-06-18 14:07:00;2754.471923828125
2024-06-18 14:08:00;2641.62080078125
2024-06-18 14:09:00;2885.5921325683594
2024-06-18 14:10:00;2899.756884765625
2024-06-18 14:11:00;2839.560791015625
2024-06-18 14:12:00;2921.57978515625
2024-06-18 14:13:00;2934.793505859375
2024-06-18 14:14:00;2856.9122314453125
2024-06-18 14:15:00;2893.55048828125
2024-06-18 14:16:00;2667.848193359375
2024-06-18 14:17:00;2649.095263671875
2024-06-18 14:18:00;2669.700164794922
2024-06-18 14:19:00;2503.7436279296876
2024-06-18 14:20:00;2292.990283203125
2024-06-18 14:21:00;2243.1382080078124
2024-06-18 14:22:00;2105.3944702148438
2024-06-18 14:23:00;1857.8527374267578
2024-06-18 14:24:00;1929.0103759765625
2024-06-18 14:25:00;2507.0136962890624
2024-06-18 14:26:00;2464.3024169921873
2024-06-18 14:27:00;2657.993462456597
2024-06-18 14:28:00;2483.885796440972
2024-06-18 14:29:00;2579.8378092447915
2024-06-18 14:30:00;2683.64990234375
2024-06-18 14:31:00;2671.5187255859373
2024-06-18 14:32:00;2522.0293212890624
2024-06-18 14:33:00;2340.2544216579863
2024-06-18 14:34:00;2165.190185546875
2024-06-18 14:35:00;2031.717578125
2024-06-18 14:36:00;2036.6560180664062
2024-06-18 14:37:00;2126.0159912109375
2024-06-18 14:38:00;2145.70322265625
2024-06-18 14:39:00;2147.037841796875
2024-06-18 14:40:00;2083.0377685546873
2024-06-18 14:41:00;1490.8863891601563
2024-06-18 14:42:00;1659.8127136230469
2024-06-18 14:43:00;1600.5341552734376
2024-06-18 14:44:00;1843.8548095703125
2024-06-18 14:45:00;1855.8005859375
2024-06-18 14:46:00;2241.67001953125
2024-06-18 14:47:00;2334.300048828125
2024-06-18 14:48:00;2100.589465332031
2024-06-18 14:49:00;1895.5754516601562
2024-06-18 14:50:00;1725.1975952148437
2024-06-18 14:51:00;1655.1912109375
2024-06-18 14:52:00;1759.8337768554688
2024-06-18 14:53:00;1851.5294555664063
2024-06-18 14:54:00;1838.2489501953125
2024-06-18 14:55:00;1667.3372436523437
2024-06-18 14:56:00;1407.7996459960937
2024-06-18 14:57:00;1558.2900512695312
2024-06-18 14:58:00;1833.710888671875
2024-06-18 14:59:00;1972.982204861111
2024-06-18 15:00:00;1936.7220865885417
2024-06-18 15:01:00;1877.8903442382812
2024-06-18 15:02:00;2053.607080078125
2024-06-18 15:03:00;2101.9909423828126
2024-06-18 15:04:00;2193.4196533203126
2024-06-18 15:05:00;2006.8249267578126
2024-06-18 15:06:00;2023.7018229166667
2024-06-18 15:07:00;2143.753024631076
2024-06-18 15:08:00;1929.2606048583984
2024-06-18 15:09:00;2105.4612060546874
2024-06-18 15:10:00;2123.6802490234377
2024-06-18 15:11:00;2089.4444580078125
2024-06-18 15:12:00;1919.0666259765626
2024-06-18 15:13:00;1686.3570556640625
2024-06-18 15:14:00;1852.1968383789062
2024-06-18 15:15:00;1893.5733642578125
2024-06-18 15:16:00;1961.7778930664062
2024-06-18 15:17:00;1877.7568725585938
2024-06-18 15:18:00;1951.1667846679688
2024-06-18 15:19:00;1888.9685736762153
2024-06-18 15:20:00;1935.6098225911458
2024-06-18 15:21:00;1943.09169921875
2024-06-18 15:22:00;1970.3201416015625
2024-06-18 15:23:00;1934.3492279052734
2024-06-18 15:24:00;1869.0143920898438
2024-06-18 15:25:00;1861.1395385742187
2024-06-18 15:26:00;1867.4127075195313
2024-06-18 15:27:00;1832.509619140625
2024-06-18 15:28:00;1831.7087890625
2024-06-18 15:29:00;1784.125830078125
2024-06-18 15:30:00;1786.3281005859376
2024-06-18 15:31:00;1778.519921875
2024-06-18 15:32:00;1783.2581909179687
2024-06-18 15:33:00;1793.238986545139
2024-06-18 15:34:00;1817.4865044487847
2024-06-18 15:35:00;1804.7473266601562
2024-06-18 15:36:00;1786.3280883789062
2024-06-18 15:37:00;1760.167465209961
2024-06-18 15:38:00;1754.6283447265625
2024-06-18 15:39:00;1676.8137817382812
2024-06-18 15:40:00;1637.0389404296875
2024-06-18 15:41:00;1679.549951171875
2024-06-18 15:42:00;1645.464370727539
2024-06-18 15:43:00;1680.017138671875
2024-06-18 15:44:00;1680.0171264648438
2024-06-18 15:45:00;1673.81064453125
2024-06-18 15:46:00;1679.41650390625
2024-06-18 15:47:00;1674.3741997612847
2024-06-18 15:48:00;1659.6625366210938
2024-06-18 15:49:00;1643.5791137695312
2024-06-18 15:50:00;1625.0931396484375
2024-06-18 15:51:00;1609.8623996310764
2024-06-18 15:52:00;1595.99609375
2024-06-18 15:53:00;1582.9157592773438
2024-06-18 15:54:00;1571.6373046875
2024-06-18 15:55:00;1535.4662353515625
2024-06-18 15:56:00;1432.6255493164062
2024-06-18 15:57:00;1335.5909423828125
2024-06-18 15:58:00;1327.1321105957031
2024-06-18 15:59:00;1300.9381103515625
2024-06-18 16:00:00;1280.1997924804687
2024-06-18 16:01:00;1263.71591796875
2024-06-18 16:02:00;1254.2393676757813
2024-06-18 16:03:00;1248.1663208007812
2024-06-18 16:04:00;1242.560498046875
2024-06-18 16:05:00;1231.9494018554688
2024-06-18 16:06:00;1265.4510498046875
2024-06-18 16:07:00;1306.8943481445312
2024-06-18 16:08:00;1262.3811645507812
2024-06-18 16:09:00;1152.8668701171875
2024-06-18 16:10:00;1072.8500061035156
2024-06-18 16:11:00;1113.6926635742188
2024-06-18 16:12:00;1151.2652221679687
2024-06-18 16:13:00;1193.7095336914062
2024-06-18 16:14:00;1227.0109497070312
2024-06-18 16:15:00;1171.2564561631943
2024-06-18 16:16:00;1128.975274658203
2024-06-18 16:17:00;1150.39765625
2024-06-18 16:18:00;1161.1421875
2024-06-18 16:19:00;1059.3693054199218
2024-06-18 16:20:00;925.9633850097656
2024-06-18 16:21:00;955.6610595703125
2024-06-18 16:22:00;985.0250305175781
2024-06-18 16:23:00;929.5004089355468
2024-06-18 16:24:00;947.8529052734375
2024-06-18 16:25:00;903.3564453125
2024-06-18 16:26:00;872.5075927734375
2024-06-18 16:27:00;814.9141418457032
2024-06-18 16:28:00;773.0630357530382
2024-06-18 16:29:00;694.1881164550781
2024-06-18 16:30:00;707.5687484741211
2024-06-18 16:31:00;742.6386962890625
2024-06-18 16:32:00;759.8566528320313
2024-06-18 16:33:00;880.3157348632812
2024-06-18 16:34:00;997.6382080078125
2024-06-18 16:35:00;1030.6059509277343
2024-06-18 16:36:00;1011.8530456542969
2024-06-18 16:37:00;1072.866714477539
2024-06-18 16:38:00;1074.7853881835938
2024-06-18 16:39:00;1104.68330078125
2024-06-18 16:40:00;1042.6184997558594
2024-06-18 16:41:00;1030.4057373046876
2024-06-18 16:42:00;996.103271484375
2024-06-18 16:43:00;948.8539428710938
2024-06-18 16:44:00;979.0854858398437
2024-06-18 16:45:00;976.616259765625
2024-06-18 16:46:00;969.4754455566406
2024-06-18 16:47:00;951.2278529575893
2024-06-18 16:48:00;884.5868606567383
2024-06-18 16:49:00;874.6431396484375
2024-06-18 16:50:00;853.8881564670139
2024-06-18 16:51:00;835.8693420410157
2024-06-18 16:52:00;809.9089111328125
2024-06-18 16:53:00;791.1559906005859
2024-06-18 16:54:00;787.4855041503906
2024-06-18 16:55:00;774.3384399414062
2024-06-18 16:56:00;744.9744689941406
2024-06-18 16:57:00;715.8106994628906
2024-06-18 16:58:00;664.5571838378906
2024-06-18 16:59:00;697.2580078125
2024-06-18 17:00:00;679.1724426269532
2024-06-18 17:01:00;664.6906616210938
2024-06-18 17:02:00;650.6760330200195
2024-06-18 17:03:00;622.4465576171875
2024-06-18 17:04:00;624.7156188964843
2024-06-18 17:05:00;615.9064086914062
2024-06-18 17:06:00;600.4235961914062
2024-06-18 17:07:00;572.4276885986328
2024-06-18 17:08:00;563.0512451171875
2024-06-18 17:09:00;547.7018737792969
2024-06-18 17:10:00;537.7581787109375
2024-06-18 17:11:00;531.0845458984375
2024-06-18 17:12:00;520.60693359375
2024-06-18 17:13:00;507.05945739746096
2024-06-18 17:14:00;492.043798828125
2024-06-18 17:15:00;478.2293731689453
2024-06-18 17:16:00;464.94884033203124
2024-06-18 17:17:00;455.67249450683596
2024-06-18 17:18:00;445.12815551757814
2024-06-18 17:19:00;432.9821502685547
2024-06-18 17:20:00;421.5702301025391
2024-06-18 17:21:00;412.0936767578125
2024-06-18 17:22:00;403.35121765136716
2024-06-18 17:23:00;389.9372192382813
2024-06-18 17:24:00;375.4554412841797
2024-06-18 17:25:00;362.7829420301649
2024-06-18 17:26:00;354.40382893880206
2024-06-18 17:27:00;340.15191345214845
2024-06-18 17:28:00;337.08204650878906
2024-06-18 17:29:00;326.53770446777344
2024-06-18 17:30:00;316.92767028808595
2024-06-18 17:31:00;292.9693298339844
2024-06-18 17:32:00;246.1204345703125
2024-06-18 17:33:00;252.96460978190103
2024-06-18 17:34:00;212.28511810302734
2024-06-18 17:35:00;206.01190185546875
2024-06-18 17:36:00;191.27059258355035
2024-06-18 17:37:00;138.94189834594727
2024-06-18 17:38:00;125.6613655090332
2024-06-18 17:39:00;131.80110931396484
2024-06-18 17:40:00;129.3318618774414
2024-06-18 17:41:00;114.18271713256836
2024-06-18 17:42:00;115.85854254828558
2024-06-18 17:43:00;103.70511627197266
2024-06-18 17:44:00;96.63106384277344
2024-06-18 17:45:00;120.97499084472656
2024-06-18 17:46:00;141.27766876220704
2024-06-18 17:47:00;154.82514343261718
2024-06-18 17:48:00;160.56446838378906
2024-06-18 17:49:00;169.9075500488281
2024-06-18 17:50:00;173.77825317382812
2024-06-18 17:51:00;173.17762925889758
2024-06-18 17:52:00;173.37784423828126
2024-06-18 17:53:00;153.95756988525392
2024-06-18 17:54:00;132.86888961791993
2024-06-18 17:55:00;122.65823135375976
2024-06-18 17:56:00;119.72183380126953
2024-06-18 17:57:00;131.20789421929254
2024-06-18 17:58:00;139.3423110961914
2024-06-18 17:59:00;143.5170406765408
2024-06-18 18:00:00;125.46115646362304
2024-06-18 18:01:00;111.26114908854167
2024-06-18 18:02:00;102.37039031982422
2024-06-18 18:03:00;94.22855758666992
2024-06-18 18:04:00;87.42145156860352
2024-06-18 18:05:00;80.49755668640137
2024-06-18 18:06:00;75.47564849853515
2024-06-18 18:07:00;70.87084350585937
2024-06-18 18:08:00;67.73423461914062
2024-06-18 18:09:00;69.73632583618163
2024-06-18 18:10:00;71.00431594848632
2024-06-18 18:11:00;72.87293167114258
2024-06-18 18:12:00;73.13987731933594
2024-06-18 18:13:00;69.4397201538086
2024-06-18 18:14:00;73.44390021430121
2024-06-18 18:15:00;74.57470893859863
2024-06-18 18:16:00;70.67063369750977
2024-06-18 18:17:00;75.80932998657227
2024-06-18 18:18:00;75.40891189575196
2024-06-18 18:19:00;72.67272262573242
2024-06-18 18:20:00;67.53402709960938
2024-06-18 18:21:00;62.06164703369141
2024-06-18 18:22:00;56.188850784301756
2024-06-18 18:23:00;53.05224266052246
2024-06-18 18:24:00;49.214905738830566
2024-06-18 18:25:00;45.37756614685058
2024-06-18 18:26:00;43.79257869720459
2024-06-18 18:27:00;42.04075126647949
2024-06-18 18:28:00;36.36816291809082
2024-06-18 18:29:00;35.6340633392334
2024-06-18 18:30:00;30.287741978963215
2024-06-18 18:31:00;27.292022132873534
2024-06-18 18:32:00;23.287843322753908
2024-06-18 18:33:00;22.553742790222167
2024-06-18 18:34:00;17.94893684387207
2024-06-18 18:35:00;14.419326888190376
2024-06-18 18:36:00;11.304965019226074
2024-06-18 18:37:00;12.076140117645263
2024-06-18 18:38:00;7.137652206420898
2024-06-18 18:39:00;6.203343570232391
2024-06-18 18:40:00;5.192765031542097
2024-06-18 18:41:00;3.1864234473970203
2024-06-18 18:42:00;0.3
2024-06-18 18:43:00;0.9667362928390503
2024-06-18 18:44:00;1.533681583404541
2024-06-18 18:45:00;0.8663183808326721
2024-06-18 18:46:00;0.16652735471725463
2024-06-18 18:47:00;0.0
2024-06-18 18:48:00;0.0413183867931366
2024-06-18 18:49:00;0.0
2024-06-18 18:50:00;0.0
2024-06-18 18:51:00;0.0
2024-06-18 18:52:00;0.0
2024-06-18 18:53:00;0.0
2024-06-18 18:54:00;0.0
2024-06-18 18:55:00;0.0
2024-06-18 18:56:00;0.0
2024-06-18 18:57:00;0.0
2024-06-18 18:58:00;0.0
2024-06-18 18:59:00;0.0
2024-06-18 19:00:00;0.0
2024-06-18 19:01:00;0.0
2024-06-18 19:02:00;0.0
2024-06-18 19:03:00;0.0
2024-06-18 19:04:00;0.0
2024-06-18 19:05:00;0.0
2024-06-18 19:06:00;0.0
2024-06-18 19:07:00;0.0
2024-06-18 19:08:00;0.0
2024-06-18 19:09:00;0.0
2024-06-18 19:10:00;0.0
2024-06-18 19:11:00;0.0
2024-06-18 19:12:00;0.0
2024-06-18 19:13:00;0.0
2024-06-18 19:14:00;0.0
2024-06-18 19:15:00;0.0
2024-06-18 19:16:00;0.0
2024-06-18 19:17:00;0.0
2024-06-18 19:18:00;0.0
2024-06-18 19:19:00;0.0
2024-06-18 19:20:00;0.0
2024-06-18 19:21:00;0.0
2024-06-18 19:22:00;0.0
2024-06-18 19:23:00;0.0
2024-06-18 19:24:00;0.0
2024-06-18 19:25:00;0.0
2024-06-18 19:26:00;0.0
2024-06-18 19:27:00;0.0
2024-06-18 19:28:00;0.0
2024-06-18 19:29:00;0.0
2024-06-18 19:30:00;0.0
2024-06-18 19:31:00;0.0
2024-06-18 19:32:00;0.0
2024-06-18 19:33:00;0.0
2024-06-18 19:34:00;0.0
2024-06-18 19:35:00;0.0
2024-06-18 19:36:00;0.0
2024-06-18 19:37:00;0.0
2024-06-18 19:38:00;0.0
2024-06-18 19:39:00;0.0
2024-06-18 19:40:00;0.0
2024-06-18 19:41:00;0.0
2024-06-18 19:42:00;0.0
2024-06-18 19:43:00;0.0
2024-06-18 19:44:00;0.0
2024-06-18 19:45:00;0.0
2024-06-18 19:46:00;0.0
2024-06-18 19:47:00;0.0
2024-06-18 19:48:00;0.0
2024-06-18 19:49:00;0.0
2024-06-18 19:50:00;0.0
2024-06-18 19:51:00;0.0
2024-06-18 19:52:00;0.0
2024-06-18 19:53:00;0.0
2024-06-18 19:54:00;0.0
2024-06-18 19:55:00;0.0
2024-06-18 19:56:00;0.0
2024-06-18 19:57:00;0.0
2024-06-18 19:58:00;0.0
2024-06-18 19:59:00;0.0
2024-06-18 20:00:00;0.0
2024-06-18 20:01:00;0.0
2024-06-18 20:02:00;0.0
2024-06-18 20:03:00;0.0
2024-06-18 20:04:00;0.0
2024-06-18 20:05:00;0.0
2024-06-18 20:06:00;0.0
2024-06-18 20:07:00;0.0
2024-06-18 20:08:00;0.0
2024-06-18 20:09:00;0.0
2024-06-18 20:10:00;0.0
2024-06-18 20:11:00;0.0
2024-06-18 20:12:00;0.0
2024-06-18 20:13:00;0.0
2024-06-18 20:14:00;0.0
2024-06-18 20:15:00;0.0
2024-06-18 20:16:00;0.0
2024-06-18 20:17:00;0.0
2024-06-18 20:18:00;0.0
2024-06-18 20:19:00;0.0
2024-06-18 20:20:00;0.0
2024-06-18 20:21:00;0.0
2024-06-18 20:22:00;0.0
2024-06-18 20:23:00;0.0
2024-06-18 20:24:00;0.0
2024-06-18 20:25:00;0.0
2024-06-18 20:26:00;0.0
2024-06-18 20:27:00;0.0
2024-06-18 20:28:00;0.0
2024-06-18 20:29:00;0.0
2024-06-18 20:30:00;0.0
2024-06-18 20:31:00;0.0
2024-06-18 20:32:00;0.0
2024-06-18 20:33:00;0.0
2024-06-18 20:34:00;0.0
2024-06-18 20:35:00;0.0
2024-06-18 20:36:00;0.0
2024-06-18 20:37:00;0.0
2024-06-18 20:38:00;0.0
2024-06-18 20:39:00;0.0
2024-06-18 20:40:00;0.0
2024-06-18 20:41:00;0.0
2024-06-18 20:42:00;0.0
2024-06-18 20:43:00;0.0
2024-06-18 20:44:00;0.0
2024-06-18 20:45:00;0.0
2024-06-18 20:46:00;0.0
2024-06-18 20:47:00;0.0
2024-06-18 20:48:00;0.0
2024-06-18 20:49:00;0.0
2024-06-18 20:50:00;0.0
2024-06-18 20:51:00;0.0
2024-06-18 20:52:00;0.0
2024-06-18 20:53:00;0.0
2024-06-18 20:54:00;0.0
2024-06-18 20:55:00;0.0
2024-06-18 20:56:00;0.0
2024-06-18 20:57:00;0.0
2024-06-18 20:58:00;0.0
2024-06-18 20:59:00;0.0
2024-06-18 21:00:00;0.0
2024-06-18 21:01:00;0.0
2024-06-18 21:02:00;0.0
2024-06-18 21:03:00;0.0
2024-06-18 21:04:00;0.0
2024-06-18 21:05:00;0.0
2024-06-18 21:06:00;0.0
2024-06-18 21:07:00;0.0
2024-06-18 21:08:00;0.0
2024-06-18 21:09:00;0.0
2024-06-18 21:10:00;0.0
2024-06-18 21:11:00;0.0
2024-06-18 21:12:00;0.0
2024-06-18 21:13:00;0.0
2024-06-18 21:14:00;0.0
2024-06-18 21:15:00;0.0
2024-06-18 21:16:00;0.0
2024-06-18 21:17:00;0.0
2024-06-18 21:18:00;0.0
2024-06-18 21:19:00;0.0
2024-06-18 21:20:00;0.0
2024-06-18 21:21:00;0.0
2024-06-18 21:22:00;0.0
2024-06-18 21:23:00;0.0
2024-06-18 21:24:00;0.0
2024-06-18 21:25:00;0.0
2024-06-18 21:26:00;0.0
2024-06-18 21:27:00;0.0
2024-06-18 21:28:00;0.0
2024-06-18 21:29:00;0.0
2024-06-18 21:30:00;0.0
2024-06-18 21:31:00;0.0
2024-06-18 21:32:00;0.0
2024-06-18 21:33:00;0.0
2024-06-18 21:34:00;0.0
2024-06-18 21:35:00;0.0
2024-06-18 21:36:00;0.0
2024-06-18 21:37:00;0.0
2024-06-18 21:38:00;0.0
2024-06-18 21:39:00;0.0
2024-06-18 21:40:00;0.0
2024-06-18 21:41:00;0.0
2024-06-18 21:42:00;0.0
2024-06-18 21:43:00;0.0
2024-06-18 21:44:00;0.0
2024-06-18 21:45:00;0.0
2024-06-18 21:46:00;0.0
2024-06-18 21:47:00;0.0
2024-06-18 21:48:00;0.0
2024-06-18 21:49:00;0.0
2024-06-18 21:50:00;0.0
2024-06-18 21:51:00;0.0
2024-06-18 21:52:00;0.0
2024-06-18 21:53:00;0.0
2024-06-18 21:54:00;0.0
2024-06-18 21:55:00;0.0
2024-06-18 21:56:00;0.0
2024-06-18 21:57:00;0.0
2024-06-18 21:58:00;0.0
2024-06-18 21:59:00;0.0
2024-06-18 22:00:00;0.0
2024-06-18 22:01:00;0.0
2024-06-18 22:02:00;0.0
2024-06-18 22:03:00;0.0
2024-06-18 22:04:00;0.0
2024-06-18 22:05:00;0.0
2024-06-18 22:06:00;0.0
2024-06-18 22:07:00;0.0
2024-06-18 22:08:00;0.0
2024-06-18 22:09:00;0.0
2024-06-18 22:10:00;0.0
2024-06-18 22:11:00;0.0
2024-06-18 22:12:00;0.0
2024-06-18 22:13:00;0.0
2024-06-18 22:14:00;0.0
2024-06-18 22:15:00;0.0
2024-06-18 22:16:00;0.0
2024-06-18 22:17:00;0.0
2024-06-18 22:18:00;0.0
2024-06-18 22:19:00;0.0
2024-06-18 22:20:00;0.0
2024-06-18 22:21:00;0.0
2024-06-18 22:22:00;0.0
2024-06-18 22:23:00;0.0
2024-06-18 22:24:00;0.0
2024-06-18 22:25:00;0.0
2024-06-18 22:26:00;0.0
2024-06-18 22:27:00;0.0
2024-06-18 22:28:00;0.0
2024-06-18 22:29:00;0.0
2024-06-18 22:30:00;0.0
2024-06-18 22:31:00;0.0
2024-06-18 22:32:00;0.0
2024-06-18 22:33:00;0.0
2024-06-18 22:34:00;0.0
2024-06-18 22:35:00;0.0
2024-06-18 22:36:00;0.0
2024-06-18 22:37:00;0.0
2024-06-18 22:38:00;0.0
2024-06-18 22:39:00;0.0
2024-06-18 22:40:00;0.0
2024-06-18 22:41:00;0.0
2024-06-18 22:42:00;0.0
2024-06-18 22:43:00;0.0
2024-06-18 22:44:00;0.0
2024-06-18 22:45:00;0.0
2024-06-18 22:46:00;0.0
2024-06-18 22:47:00;0.0
2024-06-18 22:48:00;0.0
2024-06-18 22:49:00;0.0
2024-06-18 22:50:00;0.0
2024-06-18 22:51:00;0.0
2024-06-18 22:52:00;0.0
2024-06-18 22:53:00;0.0
2024-06-18 22:54:00;0.0
2024-06-18 22:55:00;0.0
2024-06-18 22:56:00;0.0
2024-06-18 22:57:00;0.0
2024-06-18 22:58:00;0.0
2024-06-18 22:59:00;0.0
2024-06-18 23:00:00;0.0
2024-06-18 23:01:00;0.0
2024-06-18 23:02:00;0.0
2024-06-18 23:03:00;0.0
2024-06-18 23:04:00;0.0
2024-06-18 23:05:00;0.0
2024-06-18 23:06:00;0.0
2024-06-18 23:07:00;0.0
2024-06-18 23:08:00;0.0
2024-06-18 23:09:00;0.0
2024-06-18 23:10:00;0.0
2024-06-18 23:11:00;0.0
2024-06-18 23:12:00;0.0
2024-06-18 23:13:00;0.0
2024-06-18 23:14:00;0.0
2024-06-18 23:15:00;0.0
2024-06-18 23:16:00;0.0
2024-06-18 23:17:00;0.0
2024-06-18 23:18:00;0.0
2024-06-18 23:19:00;0.0
2024-06-18 23:20:00;0.0
2024-06-18 23:21:00;0.0
2024-06-18 23:22:00;0.0
2024-06-18 23:23:00;0.0
2024-06-18 23:24:00;0.0
2024-06-18 23:25:00;0.0
2024-06-18 23:26:00;0.0
2024-06-18 23:27:00;0.0
2024-06-18 23:28:00;0.0
2024-06-18 23:29:00;0.0
2024-06-18 23:30:00;0.0
2024-06-18 23:31:00;0.0
2024-06-18 23:32:00;0.0
2024-06-18 23:33:00;0.0
2024-06-18 23:34:00;0.0
2024-06-18 23:35:00;0.0
2024-06-18 23:36:00;0.0
2024-06-18 23:37:00;0.0
2024-06-18 23:38:00;0.0
2024-06-18 23:39:00;0.0
2024-06-18 23:40:00;0.0
2024-06-18 23:41:00;0.0
2024-06-18 23:42:00;0.0
2024-06-18 23:43:00;0.0
2024-06-18 23:44:00;0.0
2024-06-18 23:45:00;0.0
2024-06-18 23:46:00;0.0
2024-06-18 23:47:00;0.0
2024-06-18 23:48:00;0.0
2024-06-18 23:49:00;0.0
2024-06-18 23:50:00;0.0
2024-06-18 23:51:00;0.0
2024-06-18 23:52:00;0.0
2024-06-18 23:53:00;0.0
2024-06-18 23:54:00;0.0
2024-06-18 23:55:00;0.0
2024-06-18 23:56:00;0.0
2024-06-18 23:57:00;0.0
2024-06-18 23:58:00;0.0
2024-06-18 23:59:00;0.0
2024-06-19 00:00:00;0.0
