time;SHELLY_API/serverroom/total_act_power
2024-07-31 00:00:00;598.8417045454547
2024-07-31 00:01:00;592.9045192307694
2024-07-31 00:02:00;598.1596000000002
2024-07-31 00:03:00;598.7718301886796
2024-07-31 00:04:00;603.8549056603775
2024-07-31 00:05:00;595.9392549019606
2024-07-31 00:06:00;594.8445490196076
2024-07-31 00:07:00;596.3906730769229
2024-07-31 00:08:00;592.0256600000002
2024-07-31 00:09:00;592.0251346153848
2024-07-31 00:10:00;597.3964230769229
2024-07-31 00:11:00;595.0106730769231
2024-07-31 00:12:00;604.031269230769
2024-07-31 00:13:00;596.5382941176471
2024-07-31 00:14:00;600.0242115384615
2024-07-31 00:15:00;594.1462692307691
2024-07-31 00:16:00;593.6077307692308
2024-07-31 00:17:00;593.2509433962263
2024-07-31 00:18:00;612.227722222222
2024-07-31 00:19:00;607.6934038461536
2024-07-31 00:20:00;612.2672692307692
2024-07-31 00:21:00;600.4211132075473
2024-07-31 00:22:00;606.5811153846155
2024-07-31 00:23:00;603.2581730769232
2024-07-31 00:24:00;591.9750000000003
2024-07-31 00:25:00;601.0169803921567
2024-07-31 00:26:00;609.1485471698115
2024-07-31 00:27:00;593.331924528302
2024-07-31 00:28:00;605.484679245283
2024-07-31 00:29:00;594.2102884615385
2024-07-31 00:30:00;605.2622264150942
2024-07-31 00:31:00;598.2148653846157
2024-07-31 00:32:00;600.4772830188678
2024-07-31 00:33:00;602.9051764705882
2024-07-31 00:34:00;608.4007169811323
2024-07-31 00:35:00;593.458019230769
2024-07-31 00:36:00;599.5263962264152
2024-07-31 00:37:00;592.5402830188679
2024-07-31 00:38:00;594.6158301886792
2024-07-31 00:39:00;598.0744999999998
2024-07-31 00:40:00;593.2080188679245
2024-07-31 00:41:00;606.3716037735849
2024-07-31 00:42:00;600.8671698113211
2024-07-31 00:43:00;596.5022745098041
2024-07-31 00:44:00;595.7629807692305
2024-07-31 00:45:00;594.1170980392158
2024-07-31 00:46:00;596.0545660377359
2024-07-31 00:47:00;594.781192307692
2024-07-31 00:48:00;597.6229811320757
2024-07-31 00:49:00;592.8465660377356
2024-07-31 00:50:00;593.415962264151
2024-07-31 00:51:00;596.9521111111109
2024-07-31 00:52:00;601.5402500000001
2024-07-31 00:53:00;594.7962452830191
2024-07-31 00:54:00;597.9422115384618
2024-07-31 00:55:00;593.7217254901961
2024-07-31 00:56:00;603.9542452830186
2024-07-31 00:57:00;593.0888076923077
2024-07-31 00:58:00;601.4550188679244
2024-07-31 00:59:00;600.5639245283021
2024-07-31 01:00:00;600.5100196078431
2024-07-31 01:01:00;592.9199423076919
2024-07-31 01:02:00;595.0889215686275
2024-07-31 01:03:00;597.0499423076925
2024-07-31 01:04:00;593.4260769230766
2024-07-31 01:05:00;597.7781153846155
2024-07-31 01:06:00;594.759769230769
2024-07-31 01:07:00;599.2959411764709
2024-07-31 01:08:00;598.1489038461535
2024-07-31 01:09:00;593.5803773584906
2024-07-31 01:10:00;599.8710000000002
2024-07-31 01:11:00;593.7683076923079
2024-07-31 01:12:00;592.9384615384616
2024-07-31 01:13:00;591.9189811320756
2024-07-31 01:14:00;591.1056078431374
2024-07-31 01:15:00;591.6653846153847
2024-07-31 01:16:00;605.642039215686
2024-07-31 01:17:00;599.1569074074076
2024-07-31 01:18:00;600.8989607843138
2024-07-31 01:19:00;590.526307692308
2024-07-31 01:20:00;595.97046
2024-07-31 01:21:00;601.3332941176473
2024-07-31 01:22:00;607.74458
2024-07-31 01:23:00;594.5265208333334
2024-07-31 01:24:00;597.1476666666664
2024-07-31 01:25:00;597.50842
2024-07-31 01:26:00;599.3381346153845
2024-07-31 01:27:00;601.7749622641508
2024-07-31 01:28:00;606.4828461538463
2024-07-31 01:29:00;593.1999622641508
2024-07-31 01:30:00;596.9238039215685
2024-07-31 01:31:00;597.487641509434
2024-07-31 01:32:00;608.6524599999999
2024-07-31 01:33:00;599.9212884615383
2024-07-31 01:34:00;599.3079215686276
2024-07-31 01:35:00;593.77696
2024-07-31 01:36:00;596.8745098039216
2024-07-31 01:37:00;594.2447843137254
2024-07-31 01:38:00;600.0553846153846
2024-07-31 01:39:00;593.8752115384616
2024-07-31 01:40:00;598.999403846154
2024-07-31 01:41:00;596.344653846154
2024-07-31 01:42:00;594.0088113207548
2024-07-31 01:43:00;602.1281153846153
2024-07-31 01:44:00;596.7312641509437
2024-07-31 01:45:00;601.4895283018869
2024-07-31 01:46:00;610.3305660377362
2024-07-31 01:47:00;593.300113207547
2024-07-31 01:48:00;601.104153846154
2024-07-31 01:49:00;603.2340925925923
2024-07-31 01:50:00;602.1525094339627
2024-07-31 01:51:00;599.846566037736
2024-07-31 01:52:00;593.2356923076921
2024-07-31 01:53:00;600.00220754717
2024-07-31 01:54:00;605.9419230769226
2024-07-31 01:55:00;604.1840188679245
2024-07-31 01:56:00;595.4314999999999
2024-07-31 01:57:00;600.3874905660375
2024-07-31 01:58:00;594.8699999999999
2024-07-31 01:59:00;597.3835660377358
2024-07-31 02:00:00;595.9448846153848
2024-07-31 02:01:00;602.9176346153848
2024-07-31 02:02:00;600.8357254901962
2024-07-31 02:03:00;602.7622641509433
2024-07-31 02:04:00;605.4326981132076
2024-07-31 02:05:00;599.2193076923078
2024-07-31 02:06:00;604.8736666666667
2024-07-31 02:07:00;597.4881886792454
2024-07-31 02:08:00;591.123358490566
2024-07-31 02:09:00;594.0926730769232
2024-07-31 02:10:00;595.6114799999998
2024-07-31 02:11:00;590.3495961538463
2024-07-31 02:12:00;590.9165192307694
2024-07-31 02:13:00;593.8177547169814
2024-07-31 02:14:00;595.3160588235295
2024-07-31 02:15:00;598.620269230769
2024-07-31 02:16:00;597.5926415094337
2024-07-31 02:17:00;594.8167115384613
2024-07-31 02:18:00;594.2825849056602
2024-07-31 02:19:00;596.8202452830191
2024-07-31 02:20:00;596.5139622641509
2024-07-31 02:21:00;603.2897222222219
2024-07-31 02:22:00;604.1675283018869
2024-07-31 02:23:00;599.5951538461538
2024-07-31 02:24:00;602.2322499999998
2024-07-31 02:25:00;596.8699811320756
2024-07-31 02:26:00;597.7777735849058
2024-07-31 02:27:00;601.9171538461541
2024-07-31 02:28:00;601.8333269230772
2024-07-31 02:29:00;593.6832075471699
2024-07-31 02:30:00;593.8374615384616
2024-07-31 02:31:00;596.0501020408163
2024-07-31 02:32:00;595.3211799999997
2024-07-31 02:33:00;604.67258
2024-07-31 02:34:00;597.5873137254904
2024-07-31 02:35:00;587.8093529411763
2024-07-31 02:36:00;597.2904199999999
2024-07-31 02:37:00;592.1567692307694
2024-07-31 02:38:00;593.0558199999999
2024-07-31 02:39:00;596.9918113207546
2024-07-31 02:40:00;601.6068039215686
2024-07-31 02:41:00;596.8212244897959
2024-07-31 02:42:00;594.5575294117647
2024-07-31 02:43:00;601.3533076923075
2024-07-31 02:44:00;591.9647234042554
2024-07-31 02:45:00;600.4573750000002
2024-07-31 02:46:00;602.858346153846
2024-07-31 02:47:00;592.4029615384613
2024-07-31 02:48:00;597.4247358490566
2024-07-31 02:49:00;591.3708076923077
2024-07-31 02:50:00;599.7559811320755
2024-07-31 02:51:00;599.9332156862747
2024-07-31 02:52:00;597.3429615384619
2024-07-31 02:53:00;600.5021599999998
2024-07-31 02:54:00;603.2690408163263
2024-07-31 02:55:00;600.64914893617
2024-07-31 02:56:00;596.5054599999999
2024-07-31 02:57:00;593.2062857142857
2024-07-31 02:58:00;593.831568627451
2024-07-31 02:59:00;590.3383076923076
2024-07-31 03:00:00;611.1005625000001
2024-07-31 03:01:00;603.7305416666665
2024-07-31 03:02:00;605.6704583333334
2024-07-31 03:03:00;606.8931923076924
2024-07-31 03:04:00;610.7344716981131
2024-07-31 03:05:00;594.5730566037734
2024-07-31 03:06:00;610.8793137254903
2024-07-31 03:07:00;597.4451960784316
2024-07-31 03:08:00;596.3077058823534
2024-07-31 03:09:00;615.4428431372548
2024-07-31 03:10:00;591.839549019608
2024-07-31 03:11:00;600.8760204081633
2024-07-31 03:12:00;593.7558076923077
2024-07-31 03:13:00;594.9125192307694
2024-07-31 03:14:00;590.6653000000001
2024-07-31 03:15:00;594.084541666667
2024-07-31 03:16:00;594.4273333333333
2024-07-31 03:17:00;595.341156862745
2024-07-31 03:18:00;589.0099591836737
2024-07-31 03:19:00;600.2528800000001
2024-07-31 03:20:00;590.4042708333335
2024-07-31 03:21:00;595.631897959184
2024-07-31 03:22:00;596.3015208333335
2024-07-31 03:23:00;600.624604166667
2024-07-31 03:24:00;595.9083673469387
2024-07-31 03:25:00;600.7537358490565
2024-07-31 03:26:00;599.1304807692306
2024-07-31 03:27:00;593.4387735849056
2024-07-31 03:28:00;592.6716666666667
2024-07-31 03:29:00;599.2945000000002
2024-07-31 03:30:00;590.7781730769232
2024-07-31 03:31:00;595.0529038461541
2024-07-31 03:32:00;598.6046730769231
2024-07-31 03:33:00;604.0686153846154
2024-07-31 03:34:00;598.5277307692306
2024-07-31 03:35:00;602.3460961538462
2024-07-31 03:36:00;597.0741346153849
2024-07-31 03:37:00;600.7025000000004
2024-07-31 03:38:00;596.7894807692307
2024-07-31 03:39:00;604.272528301887
2024-07-31 03:40:00;603.1549056603772
2024-07-31 03:41:00;599.128403846154
2024-07-31 03:42:00;597.1695471698115
2024-07-31 03:43:00;606.9073846153844
2024-07-31 03:44:00;606.2580384615383
2024-07-31 03:45:00;604.3128653846155
2024-07-31 03:46:00;599.2089074074074
2024-07-31 03:47:00;597.3351923076924
2024-07-31 03:48:00;602.9692307692305
2024-07-31 03:49:00;595.4160961538462
2024-07-31 03:50:00;593.676
2024-07-31 03:51:00;599.19668627451
2024-07-31 03:52:00;601.6982307692308
2024-07-31 03:53:00;601.4612641509437
2024-07-31 03:54:00;597.5004901960782
2024-07-31 03:55:00;602.2727999999997
2024-07-31 03:56:00;599.6552115384613
2024-07-31 03:57:00;594.2887499999999
2024-07-31 03:58:00;599.5112500000002
2024-07-31 03:59:00;592.4060999999999
2024-07-31 04:00:00;601.0371304347826
2024-07-31 04:01:00;592.3600599999999
2024-07-31 04:02:00;604.0611599999996
2024-07-31 04:03:00;610.37412
2024-07-31 04:04:00;593.1279423076926
2024-07-31 04:05:00;596.5966400000001
2024-07-31 04:06:00;600.0614117647062
2024-07-31 04:07:00;596.6243653846152
2024-07-31 04:08:00;599.5161372549022
2024-07-31 04:09:00;593.9301020408165
2024-07-31 04:10:00;592.5331276595745
2024-07-31 04:11:00;597.5790624999997
2024-07-31 04:12:00;600.7507391304348
2024-07-31 04:13:00;600.2614782608697
2024-07-31 04:14:00;593.0353260869568
2024-07-31 04:15:00;596.3186739130432
2024-07-31 04:16:00;598.7592653061223
2024-07-31 04:17:00;596.27102
2024-07-31 04:18:00;592.2012765957447
2024-07-31 04:19:00;596.2455106382974
2024-07-31 04:20:00;594.6191276595746
2024-07-31 04:21:00;597.02656
2024-07-31 04:22:00;596.978456521739
2024-07-31 04:23:00;596.2137391304351
2024-07-31 04:24:00;608.200729166667
2024-07-31 04:25:00;598.5144166666664
2024-07-31 04:26:00;605.1542448979594
2024-07-31 04:27:00;599.1056666666666
2024-07-31 04:28:00;599.8530784313723
2024-07-31 04:29:00;592.1929803921571
2024-07-31 04:30:00;599.4888367346938
2024-07-31 04:31:00;597.3520204081635
2024-07-31 04:32:00;595.0067647058826
2024-07-31 04:33:00;600.4278490566037
2024-07-31 04:34:00;600.3273333333333
2024-07-31 04:35:00;596.5357916666668
2024-07-31 04:36:00;592.2086862745097
2024-07-31 04:37:00;595.1819019607842
2024-07-31 04:38:00;595.5108999999999
2024-07-31 04:39:00;598.0601372549016
2024-07-31 04:40:00;588.9512745098043
2024-07-31 04:41:00;594.6393673469388
2024-07-31 04:42:00;593.0778000000001
2024-07-31 04:43:00;600.0296981132076
2024-07-31 04:44:00;596.5314489795919
2024-07-31 04:45:00;597.6805384615386
2024-07-31 04:46:00;609.07694
2024-07-31 04:47:00;598.7585200000001
2024-07-31 04:48:00;603.0636458333335
2024-07-31 04:49:00;601.3727450980392
2024-07-31 04:50:00;604.917244897959
2024-07-31 04:51:00;596.1922745098038
2024-07-31 04:52:00;598.2897600000001
2024-07-31 04:53:00;601.754588235294
2024-07-31 04:54:00;594.4189795918364
2024-07-31 04:55:00;594.7599600000001
2024-07-31 04:56:00;598.4700800000003
2024-07-31 04:57:00;602.2004255319146
2024-07-31 04:58:00;606.546489361702
2024-07-31 04:59:00;601.8449782608697
2024-07-31 05:00:00;602.2569555555558
2024-07-31 05:01:00;602.6734399999998
2024-07-31 05:02:00;598.4133913043478
2024-07-31 05:03:00;601.9559387755099
2024-07-31 05:04:00;598.4337959183674
2024-07-31 05:05:00;604.3444468085107
2024-07-31 05:06:00;601.8444399999997
2024-07-31 05:07:00;600.5197755102042
2024-07-31 05:08:00;604.4935416666668
2024-07-31 05:09:00;596.1051224489797
2024-07-31 05:10:00;609.0808749999999
2024-07-31 05:11:00;603.6309183673469
2024-07-31 05:12:00;600.4431372549022
2024-07-31 05:13:00;603.2801923076921
2024-07-31 05:14:00;597.9873333333334
2024-07-31 05:15:00;602.0742352941177
2024-07-31 05:16:00;603.9310588235293
2024-07-31 05:17:00;604.0243333333334
2024-07-31 05:18:00;594.6056862745098
2024-07-31 05:19:00;602.03676
2024-07-31 05:20:00;594.50754
2024-07-31 05:21:00;603.1399183673467
2024-07-31 05:22:00;598.8660980392156
2024-07-31 05:23:00;598.1145199999999
2024-07-31 05:24:00;592.693775510204
2024-07-31 05:25:00;598.58044
2024-07-31 05:26:00;593.0264791666665
2024-07-31 05:27:00;601.522530612245
2024-07-31 05:28:00;601.44532
2024-07-31 05:29:00;602.9498723404257
2024-07-31 05:30:00;603.858543478261
2024-07-31 05:31:00;596.9984200000001
2024-07-31 05:32:00;606.929156862745
2024-07-31 05:33:00;601.4815294117649
2024-07-31 05:34:00;593.6354799999999
2024-07-31 05:35:00;604.2358799999998
2024-07-31 05:36:00;594.8487
2024-07-31 05:37:00;593.7223137254902
2024-07-31 05:38:00;592.0082399999997
2024-07-31 05:39:00;589.1407692307693
2024-07-31 05:40:00;595.8793529411762
2024-07-31 05:41:00;607.9763725490197
2024-07-31 05:42:00;610.4511538461542
2024-07-31 05:43:00;608.1829245283021
2024-07-31 05:44:00;595.9555
2024-07-31 05:45:00;600.1160833333333
2024-07-31 05:46:00;600.8850392156862
2024-07-31 05:47:00;599.7803673469388
2024-07-31 05:48:00;598.3990399999999
2024-07-31 05:49:00;596.8297450980391
2024-07-31 05:50:00;609.064596153846
2024-07-31 05:51:00;607.8731836734693
2024-07-31 05:52:00;598.5372115384614
2024-07-31 05:53:00;598.3201960784313
2024-07-31 05:54:00;603.4051960784313
2024-07-31 05:55:00;595.6705399999997
2024-07-31 05:56:00;600.7270943396228
2024-07-31 05:57:00;601.0269607843137
2024-07-31 05:58:00;594.572826923077
2024-07-31 05:59:00;593.8336600000001
2024-07-31 06:00:00;595.2297021276596
2024-07-31 06:01:00;600.6121428571427
2024-07-31 06:02:00;603.6356170212769
2024-07-31 06:03:00;607.1612653061225
2024-07-31 06:04:00;608.8581399999999
2024-07-31 06:05:00;611.1360208333332
2024-07-31 06:06:00;601.8645294117646
2024-07-31 06:07:00;598.9942000000001
2024-07-31 06:08:00;602.3755000000002
2024-07-31 06:09:00;596.5740425531916
2024-07-31 06:10:00;615.9226538461539
2024-07-31 06:11:00;611.7949615384616
2024-07-31 06:12:00;604.3186226415097
2024-07-31 06:13:00;597.9043846153844
2024-07-31 06:14:00;591.0524716981132
2024-07-31 06:15:00;598.7360192307688
2024-07-31 06:16:00;598.145653846154
2024-07-31 06:17:00;599.1016862745098
2024-07-31 06:18:00;596.9763333333336
2024-07-31 06:19:00;604.2892307692307
2024-07-31 06:20:00;598.53318
2024-07-31 06:21:00;588.9612692307691
2024-07-31 06:22:00;598.7450769230768
2024-07-31 06:23:00;605.9184423076921
2024-07-31 06:24:00;604.0866538461537
2024-07-31 06:25:00;589.7008775510203
2024-07-31 06:26:00;602.16225
2024-07-31 06:27:00;595.7215800000001
2024-07-31 06:28:00;603.3375192307692
2024-07-31 06:29:00;598.02252
2024-07-31 06:30:00;600.1911041666666
2024-07-31 06:31:00;598.4842745098038
2024-07-31 06:32:00;604.7151346153845
2024-07-31 06:33:00;592.9176226415091
2024-07-31 06:34:00;605.5203846153847
2024-07-31 06:35:00;603.5628999999999
2024-07-31 06:36:00;598.5495600000002
2024-07-31 06:37:00;595.8911999999999
2024-07-31 06:38:00;603.513411764706
2024-07-31 06:39:00;596.63898
2024-07-31 06:40:00;596.282215686274
2024-07-31 06:41:00;595.7654999999997
2024-07-31 06:42:00;604.1223333333331
2024-07-31 06:43:00;600.9244313725492
2024-07-31 06:44:00;597.2359999999999
2024-07-31 06:45:00;602.3444166666667
2024-07-31 06:46:00;604.2361568627452
2024-07-31 06:47:00;599.6438431372549
2024-07-31 06:48:00;591.4015098039214
2024-07-31 06:49:00;598.0692040816326
2024-07-31 06:50:00;595.0972884615386
2024-07-31 06:51:00;592.9437647058825
2024-07-31 06:52:00;590.4004615384616
2024-07-31 06:53:00;589.9712156862746
2024-07-31 06:54:00;592.0476078431374
2024-07-31 06:55:00;592.6727843137256
2024-07-31 06:56:00;597.0969423076924
2024-07-31 06:57:00;595.7513584905662
2024-07-31 06:58:00;609.1073529411763
2024-07-31 06:59:00;597.1821568627452
2024-07-31 07:00:00;641.4012156862746
2024-07-31 07:01:00;657.9459245283015
2024-07-31 07:02:00;665.36544
2024-07-31 07:03:00;661.1514038461537
2024-07-31 07:04:00;662.8751176470587
2024-07-31 07:05:00;657.0818627450979
2024-07-31 07:06:00;665.6910588235289
2024-07-31 07:07:00;663.3520384615384
2024-07-31 07:08:00;661.5277735849055
2024-07-31 07:09:00;663.2859230769233
2024-07-31 07:10:00;731.9400961538462
2024-07-31 07:11:00;806.1976538461541
2024-07-31 07:12:00;824.1747647058821
2024-07-31 07:13:00;827.8778431372552
2024-07-31 07:14:00;779.6018113207545
2024-07-31 07:15:00;698.6753461538462
2024-07-31 07:16:00;680.7715384615386
2024-07-31 07:17:00;677.1763846153846
2024-07-31 07:18:00;684.3918653846154
2024-07-31 07:19:00;692.5720961538462
2024-07-31 07:20:00;700.523153846154
2024-07-31 07:21:00;699.9530784313728
2024-07-31 07:22:00;693.0379615384614
2024-07-31 07:23:00;705.4849807692304
2024-07-31 07:24:00;702.5594038461536
2024-07-31 07:25:00;697.3851346153848
2024-07-31 07:26:00;699.0230754716979
2024-07-31 07:27:00;699.9328076923076
2024-07-31 07:28:00;699.6752884615385
2024-07-31 07:29:00;699.5359245283018
2024-07-31 07:30:00;662.69982
2024-07-31 07:31:00;669.8150188679248
2024-07-31 07:32:00;670.0583333333332
2024-07-31 07:33:00;679.2669215686276
2024-07-31 07:34:00;673.856076923077
2024-07-31 07:35:00;638.5994705882347
2024-07-31 07:36:00;603.2715686274513
2024-07-31 07:37:00;613.3278461538465
2024-07-31 07:38:00;599.6262452830189
2024-07-31 07:39:00;590.6159199999998
2024-07-31 07:40:00;604.8220392156863
2024-07-31 07:41:00;608.3724999999998
2024-07-31 07:42:00;614.8499038461539
2024-07-31 07:43:00;600.6823921568628
2024-07-31 07:44:00;601.5316862745098
2024-07-31 07:45:00;603.0703469387754
2024-07-31 07:46:00;593.9056981132077
2024-07-31 07:47:00;596.355980392157
2024-07-31 07:48:00;599.8223725490197
2024-07-31 07:49:00;590.7016346153847
2024-07-31 07:50:00;604.8307400000002
2024-07-31 07:51:00;601.7783877551024
2024-07-31 07:52:00;600.3455294117647
2024-07-31 07:53:00;594.7019000000003
2024-07-31 07:54:00;598.971596153846
2024-07-31 07:55:00;606.9351346153845
2024-07-31 07:56:00;597.2434705882354
2024-07-31 07:57:00;598.0055576923077
2024-07-31 07:58:00;609.2226792452828
2024-07-31 07:59:00;596.1087000000002
2024-07-31 08:00:00;594.1714583333334
2024-07-31 08:01:00;610.8121041666666
2024-07-31 08:02:00;594.9646400000001
2024-07-31 08:03:00;598.0918163265302
2024-07-31 08:04:00;597.0392352941175
2024-07-31 08:05:00;610.701375
2024-07-31 08:06:00;606.6738269230771
2024-07-31 08:07:00;602.6829038461539
2024-07-31 08:08:00;605.0033921568629
2024-07-31 08:09:00;627.7016666666666
2024-07-31 08:10:00;601.4916792452831
2024-07-31 08:11:00;600.2713333333331
2024-07-31 08:12:00;605.6283653846151
2024-07-31 08:13:00;606.217153846154
2024-07-31 08:14:00;613.8494150943397
2024-07-31 08:15:00;624.6170784313725
2024-07-31 08:16:00;610.7739230769229
2024-07-31 08:17:00;616.2335490196077
2024-07-31 08:18:00;616.0310384615385
2024-07-31 08:19:00;608.2954807692308
2024-07-31 08:20:00;590.1855800000002
2024-07-31 08:21:00;601.1519411764706
2024-07-31 08:22:00;601.5344038461536
2024-07-31 08:23:00;609.5924150943395
2024-07-31 08:24:00;601.4359607843137
2024-07-31 08:25:00;605.4596415094342
2024-07-31 08:26:00;603.1972692307693
2024-07-31 08:27:00;610.808192307692
2024-07-31 08:28:00;598.1194230769229
2024-07-31 08:29:00;587.7046153846153
2024-07-31 08:30:00;599.4965098039215
2024-07-31 08:31:00;597.1039607843138
2024-07-31 08:32:00;594.9266923076923
2024-07-31 08:33:00;588.4119038461541
2024-07-31 08:34:00;600.4217254901963
2024-07-31 08:35:00;596.75918
2024-07-31 08:36:00;603.6780392156861
2024-07-31 08:37:00;595.5598823529411
2024-07-31 08:38:00;599.6039811320753
2024-07-31 08:39:00;595.3518039215687
2024-07-31 08:40:00;603.4134705882353
2024-07-31 08:41:00;597.4747450980391
2024-07-31 08:42:00;598.8227115384615
2024-07-31 08:43:00;612.7000576923076
2024-07-31 08:44:00;611.0647500000001
2024-07-31 08:45:00;612.1303137254903
2024-07-31 08:46:00;617.7389400000001
2024-07-31 08:47:00;651.3574313725492
2024-07-31 08:48:00;660.21206
2024-07-31 08:49:00;673.8221176470587
2024-07-31 08:50:00;669.8427
2024-07-31 08:51:00;740.8552448979588
2024-07-31 08:52:00;903.6766799999996
2024-07-31 08:53:00;902.8263529411761
2024-07-31 08:54:00;913.0449615384616
2024-07-31 08:55:00;907.3747692307691
2024-07-31 08:56:00;891.881725490196
2024-07-31 08:57:00;874.7986415094339
2024-07-31 08:58:00;786.4707254901961
2024-07-31 08:59:00;729.5898235294115
2024-07-31 09:00:00;669.9688750000001
2024-07-31 09:01:00;706.3446199999997
2024-07-31 09:02:00;656.009744680851
2024-07-31 09:03:00;665.4397647058823
2024-07-31 09:04:00;688.9488461538463
2024-07-31 09:05:00;702.9529200000003
2024-07-31 09:06:00;723.9832448979594
2024-07-31 09:07:00;730.4498235294113
2024-07-31 09:08:00;764.7921399999998
2024-07-31 09:09:00;951.9529803921567
2024-07-31 09:10:00;835.0374897959186
2024-07-31 09:11:00;932.6931568627449
2024-07-31 09:12:00;962.9595686274511
2024-07-31 09:13:00;962.1040769230766
2024-07-31 09:14:00;962.2838235294116
2024-07-31 09:15:00;889.0343999999996
2024-07-31 09:16:00;943.0313200000002
2024-07-31 09:17:00;863.1666538461538
2024-07-31 09:18:00;879.4613799999995
2024-07-31 09:19:00;874.5804705882349
2024-07-31 09:20:00;879.9220638297872
2024-07-31 09:21:00;807.9656274509799
2024-07-31 09:22:00;746.0227169811321
2024-07-31 09:23:00;744.8339375000002
2024-07-31 09:24:00;742.9077647058821
2024-07-31 09:25:00;738.2776274509805
2024-07-31 09:26:00;733.0102499999999
2024-07-31 09:27:00;829.1403529411764
2024-07-31 09:28:00;965.9040196078432
2024-07-31 09:29:00;824.4329799999998
2024-07-31 09:30:00;841.1270576923075
2024-07-31 09:31:00;867.4738399999999
2024-07-31 09:32:00;818.9503076923078
2024-07-31 09:33:00;820.8196538461538
2024-07-31 09:34:00;821.6903921568629
2024-07-31 09:35:00;793.8832352941181
2024-07-31 09:36:00;759.1560769230775
2024-07-31 09:37:00;760.8487307692311
2024-07-31 09:38:00;752.8618653846147
2024-07-31 09:39:00;860.2692115384616
2024-07-31 09:40:00;897.1487692307691
2024-07-31 09:41:00;859.1819230769231
2024-07-31 09:42:00;766.3128000000006
2024-07-31 09:43:00;782.7407400000001
2024-07-31 09:44:00;779.3959814814813
2024-07-31 09:45:00;796.0387199999996
2024-07-31 09:46:00;975.9739038461545
2024-07-31 09:47:00;974.9553137254895
2024-07-31 09:48:00;976.1665769230775
2024-07-31 09:49:00;960.5846415094334
2024-07-31 09:50:00;936.3061730769236
2024-07-31 09:51:00;930.5609056603771
2024-07-31 09:52:00;892.1151346153837
2024-07-31 09:53:00;830.6749999999997
2024-07-31 09:54:00;752.6409056603775
2024-07-31 09:55:00;737.3293269230769
2024-07-31 09:56:00;755.7055098039217
2024-07-31 09:57:00;725.620962264151
2024-07-31 09:58:00;719.4101153846154
2024-07-31 09:59:00;727.7898888888886
2024-07-31 10:00:00;741.7488399999997
2024-07-31 10:01:00;757.4733703703704
2024-07-31 10:02:00;755.0221
2024-07-31 10:03:00;852.6865192307692
2024-07-31 10:04:00;972.4930588235294
2024-07-31 10:05:00;806.758264150943
2024-07-31 10:06:00;804.4122641509435
2024-07-31 10:07:00;813.0674528301888
2024-07-31 10:08:00;814.6464423076924
2024-07-31 10:09:00;746.6076415094338
2024-07-31 10:10:00;780.4465199999999
2024-07-31 10:11:00;702.6612641509435
2024-07-31 10:12:00;711.9202307692308
2024-07-31 10:13:00;706.6900784313727
2024-07-31 10:14:00;726.3497199999999
2024-07-31 10:15:00;719.804340425532
2024-07-31 10:16:00;708.1838571428569
2024-07-31 10:17:00;729.4467399999997
2024-07-31 10:18:00;725.8366734693875
2024-07-31 10:19:00;732.5505200000001
2024-07-31 10:20:00;838.8956874999996
2024-07-31 10:21:00;948.8388043478258
2024-07-31 10:22:00;785.6655319148934
2024-07-31 10:23:00;863.8604081632653
2024-07-31 10:24:00;842.3720816326531
2024-07-31 10:25:00;783.6626199999998
2024-07-31 10:26:00;808.8663399999999
2024-07-31 10:27:00;812.0735600000002
2024-07-31 10:28:00;808.8382999999998
2024-07-31 10:29:00;773.7740399999997
2024-07-31 10:30:00;784.3742399999999
2024-07-31 10:31:00;740.0829799999996
2024-07-31 10:32:00;762.3126538461543
2024-07-31 10:33:00;761.7599807692308
2024-07-31 10:34:00;763.2675199999998
2024-07-31 10:35:00;712.0432156862747
2024-07-31 10:36:00;697.9371923076922
2024-07-31 10:37:00;691.8623333333335
2024-07-31 10:38:00;676.7506981132072
2024-07-31 10:39:00;674.6902115384614
2024-07-31 10:40:00;677.6208039215686
2024-07-31 10:41:00;680.3621538461537
2024-07-31 10:42:00;668.8223137254901
2024-07-31 10:43:00;675.1190961538458
2024-07-31 10:44:00;683.5702653061226
2024-07-31 10:45:00;682.3676530612244
2024-07-31 10:46:00;676.6336382978724
2024-07-31 10:47:00;679.1786326530613
2024-07-31 10:48:00;677.5843921568627
2024-07-31 10:49:00;673.1000000000003
2024-07-31 10:50:00;672.6144528301885
2024-07-31 10:51:00;671.1729615384617
2024-07-31 10:52:00;709.6885098039218
2024-07-31 10:53:00;746.1737142857141
2024-07-31 10:54:00;744.39674
2024-07-31 10:55:00;729.3045625000003
2024-07-31 10:56:00;697.6449591836732
2024-07-31 10:57:00;743.6164807692307
2024-07-31 10:58:00;746.3735384615385
2024-07-31 10:59:00;744.4597254901959
2024-07-31 11:00:00;742.7142653061221
2024-07-31 11:01:00;745.1030833333334
2024-07-31 11:02:00;740.7245744680852
2024-07-31 11:03:00;733.441980392157
2024-07-31 11:04:00;738.3417800000003
2024-07-31 11:05:00;744.3604042553192
2024-07-31 11:06:00;790.0429800000001
2024-07-31 11:07:00;875.3832448979592
2024-07-31 11:08:00;900.8421960784308
2024-07-31 11:09:00;887.5240400000004
2024-07-31 11:10:00;928.0582857142858
2024-07-31 11:11:00;1028.2384615384615
2024-07-31 11:12:00;959.1751568627452
2024-07-31 11:13:00;887.0952745098035
2024-07-31 11:14:00;969.827442307692
2024-07-31 11:15:00;969.5128823529411
2024-07-31 11:16:00;973.3107115384618
2024-07-31 11:17:00;980.7559433962259
2024-07-31 11:18:00;955.3565000000001
2024-07-31 11:19:00;926.950923076923
2024-07-31 11:20:00;864.2684339622645
2024-07-31 11:21:00;803.3701153846158
2024-07-31 11:22:00;763.5227884615383
2024-07-31 11:23:00;756.464057692308
2024-07-31 11:24:00;749.2006153846153
2024-07-31 11:25:00;743.8270196078425
2024-07-31 11:26:00;686.2074038461536
2024-07-31 11:27:00;688.8442884615386
2024-07-31 11:28:00;691.3632692307697
2024-07-31 11:29:00;693.8001886792455
2024-07-31 11:30:00;681.3321923076923
2024-07-31 11:31:00;668.3142549019608
2024-07-31 11:32:00;672.9947021276597
2024-07-31 11:33:00;670.8217346938773
2024-07-31 11:34:00;668.8309615384616
2024-07-31 11:35:00;671.0944000000002
2024-07-31 11:36:00;668.9194117647064
2024-07-31 11:37:00;668.3933269230768
2024-07-31 11:38:00;671.1832884615379
2024-07-31 11:39:00;671.3647399999999
2024-07-31 11:40:00;671.840823529412
2024-07-31 11:41:00;664.0815882352941
2024-07-31 11:42:00;673.2133076923078
2024-07-31 11:43:00;671.4333076923075
2024-07-31 11:44:00;668.8817115384614
2024-07-31 11:45:00;714.2111132075471
2024-07-31 11:46:00;848.1206730769229
2024-07-31 11:47:00;852.5668461538464
2024-07-31 11:48:00;858.4095192307692
2024-07-31 11:49:00;859.7284599999998
2024-07-31 11:50:00;857.1978431372551
2024-07-31 11:51:00;860.5304038461537
2024-07-31 11:52:00;851.5850392156859
2024-07-31 11:53:00;864.8276226415096
2024-07-31 11:54:00;855.1235849056604
2024-07-31 11:55:00;846.8099038461539
2024-07-31 11:56:00;838.3863207547167
2024-07-31 11:57:00;835.103269230769
2024-07-31 11:58:00;824.8074905660377
2024-07-31 11:59:00;823.4533018867922
2024-07-31 12:00:00;808.7918999999997
2024-07-31 12:01:00;811.9677199999996
2024-07-31 12:02:00;795.0079423076926
2024-07-31 12:03:00;785.8419607843141
2024-07-31 12:04:00;780.6356346153849
2024-07-31 12:05:00;752.7067450980389
2024-07-31 12:06:00;728.3599615384612
2024-07-31 12:07:00;725.5493461538463
2024-07-31 12:08:00;713.8957692307692
2024-07-31 12:09:00;715.2701346153846
2024-07-31 12:10:00;710.0387142857145
2024-07-31 12:11:00;713.9679038461541
2024-07-31 12:12:00;703.9186666666667
2024-07-31 12:13:00;704.3454230769231
2024-07-31 12:14:00;705.410882352941
2024-07-31 12:15:00;704.7236399999998
2024-07-31 12:16:00;699.2841800000003
2024-07-31 12:17:00;682.2470638297873
2024-07-31 12:18:00;676.3057872340424
2024-07-31 12:19:00;668.1596458333335
2024-07-31 12:20:00;678.2649787234044
2024-07-31 12:21:00;669.1844693877554
2024-07-31 12:22:00;673.3331914893615
2024-07-31 12:23:00;671.0859999999997
2024-07-31 12:24:00;668.416111111111
2024-07-31 12:25:00;665.8478222222222
2024-07-31 12:26:00;679.1579347826085
2024-07-31 12:27:00;652.9128333333334
2024-07-31 12:28:00;654.8803958333334
2024-07-31 12:29:00;653.1068775510205
2024-07-31 12:30:00;663.971159090909
2024-07-31 12:31:00;656.5632599999996
2024-07-31 12:32:00;665.00572
2024-07-31 12:33:00;663.5930638297873
2024-07-31 12:34:00;661.8088571428569
2024-07-31 12:35:00;668.4944693877553
2024-07-31 12:36:00;669.6176250000003
2024-07-31 12:37:00;668.05806
2024-07-31 12:38:00;665.2101372549023
2024-07-31 12:39:00;668.0316730769229
2024-07-31 12:40:00;668.5799803921572
2024-07-31 12:41:00;662.9705576923078
2024-07-31 12:42:00;667.0632745098037
2024-07-31 12:43:00;673.1701153846154
2024-07-31 12:44:00;662.6780769230768
2024-07-31 12:45:00;669.6344807692312
2024-07-31 12:46:00;669.0859230769225
2024-07-31 12:47:00;664.8993396226415
2024-07-31 12:48:00;662.3183653846154
2024-07-31 12:49:00;670.2278627450982
2024-07-31 12:50:00;702.9979423076921
2024-07-31 12:51:00;865.5322115384613
2024-07-31 12:52:00;840.8286603773582
2024-07-31 12:53:00;862.2408653846153
2024-07-31 12:54:00;861.1486226415094
2024-07-31 12:55:00;855.6446199999998
2024-07-31 12:56:00;680.8397115384612
2024-07-31 12:57:00;656.5535490196079
2024-07-31 12:58:00;654.268173076923
2024-07-31 12:59:00;651.2341199999997
2024-07-31 13:00:00;651.7175102040815
2024-07-31 13:01:00;649.9171923076924
2024-07-31 13:02:00;649.2526666666665
2024-07-31 13:03:00;642.1755399999997
2024-07-31 13:04:00;634.2906923076922
2024-07-31 13:05:00;642.6722156862744
2024-07-31 13:06:00;666.3809433962261
2024-07-31 13:07:00;661.6984999999997
2024-07-31 13:08:00;640.566673076923
2024-07-31 13:09:00;653.0267500000002
2024-07-31 13:10:00;641.9306999999999
2024-07-31 13:11:00;641.515754716981
2024-07-31 13:12:00;642.1284444444442
2024-07-31 13:13:00;638.0514038461539
2024-07-31 13:14:00;642.1885961538459
2024-07-31 13:15:00;650.4465576923075
2024-07-31 13:16:00;643.7307884615385
2024-07-31 13:17:00;644.2331730769232
2024-07-31 13:18:00;647.8056981132075
2024-07-31 13:19:00;636.6593653846153
2024-07-31 13:20:00;649.3793018867924
2024-07-31 13:21:00;646.0787884615386
2024-07-31 13:22:00;644.1894600000003
2024-07-31 13:23:00;639.8928679245284
2024-07-31 13:24:00;638.1264038461536
2024-07-31 13:25:00;645.5662745098037
2024-07-31 13:26:00;652.8476792452832
2024-07-31 13:27:00;648.5375769230772
2024-07-31 13:28:00;655.1011538461539
2024-07-31 13:29:00;650.0438461538463
2024-07-31 13:30:00;647.6878846153847
2024-07-31 13:31:00;654.7726346153848
2024-07-31 13:32:00;643.799188679245
2024-07-31 13:33:00;643.0376274509806
2024-07-31 13:34:00;642.1938679245279
2024-07-31 13:35:00;641.1403529411766
2024-07-31 13:36:00;640.3431538461537
2024-07-31 13:37:00;647.4396792452833
2024-07-31 13:38:00;649.2914705882354
2024-07-31 13:39:00;642.6702499999997
2024-07-31 13:40:00;642.5926400000001
2024-07-31 13:41:00;653.5583461538462
2024-07-31 13:42:00;653.5841176470587
2024-07-31 13:43:00;648.5260961538462
2024-07-31 13:44:00;640.127127659574
2024-07-31 13:45:00;649.5701777777776
2024-07-31 13:46:00;641.5203260869564
2024-07-31 13:47:00;641.9697777777778
2024-07-31 13:48:00;645.0500851063829
2024-07-31 13:49:00;640.5563043478262
2024-07-31 13:50:00;649.1690600000001
2024-07-31 13:51:00;639.1902115384617
2024-07-31 13:52:00;639.977358490566
2024-07-31 13:53:00;637.8656415094337
2024-07-31 13:54:00;640.8582156862744
2024-07-31 13:55:00;645.3870784313727
2024-07-31 13:56:00;643.037226415094
2024-07-31 13:57:00;644.1923076923077
2024-07-31 13:58:00;644.3275384615388
2024-07-31 13:59:00;645.0603076923078
2024-07-31 14:00:00;641.5524693877551
2024-07-31 14:01:00;641.2768269230767
2024-07-31 14:02:00;637.3857799999996
2024-07-31 14:03:00;635.5022391304345
2024-07-31 14:04:00;650.8412500000002
2024-07-31 14:05:00;647.4127446808509
2024-07-31 14:06:00;655.7658666666666
2024-07-31 14:07:00;633.4427391304345
2024-07-31 14:08:00;635.300744680851
2024-07-31 14:09:00;648.3517727272728
2024-07-31 14:10:00;638.5754666666667
2024-07-31 14:11:00;649.1674468085106
2024-07-31 14:12:00;644.0342127659577
2024-07-31 14:13:00;649.7046382978723
2024-07-31 14:14:00;652.4860000000001
2024-07-31 14:15:00;654.3197659574467
2024-07-31 14:16:00;646.9509111111109
2024-07-31 14:17:00;650.5733958333333
2024-07-31 14:18:00;644.4454893617022
2024-07-31 14:19:00;649.5398510638297
2024-07-31 14:20:00;660.6069333333332
2024-07-31 14:21:00;653.5458297872342
2024-07-31 14:22:00;645.490222222222
2024-07-31 14:23:00;644.4263999999998
2024-07-31 14:24:00;650.2548222222223
2024-07-31 14:25:00;659.2587391304348
2024-07-31 14:26:00;651.4124318181817
2024-07-31 14:27:00;655.8597333333336
2024-07-31 14:28:00;659.1040232558138
2024-07-31 14:29:00;653.2298913043478
2024-07-31 14:30:00;651.2144347826087
2024-07-31 14:31:00;651.4598936170212
2024-07-31 14:32:00;646.8306086956519
2024-07-31 14:33:00;643.1294565217389
2024-07-31 14:34:00;645.0443191489363
2024-07-31 14:35:00;656.1994999999998
2024-07-31 14:36:00;655.3218541666666
2024-07-31 14:37:00;692.6263953488371
2024-07-31 14:38:00;674.1694782608698
2024-07-31 14:39:00;670.5524042553193
2024-07-31 14:40:00;640.2320416666669
2024-07-31 14:41:00;649.0739111111112
2024-07-31 14:42:00;651.5979787234044
2024-07-31 14:43:00;643.7684186046512
2024-07-31 14:44:00;648.794723404255
2024-07-31 14:45:00;658.8622127659577
2024-07-31 14:46:00;642.439666666667
2024-07-31 14:47:00;634.8790434782609
2024-07-31 14:48:00;640.7639148936167
2024-07-31 14:49:00;638.0986956521742
2024-07-31 14:50:00;650.0153191489362
2024-07-31 14:51:00;643.0231276595744
2024-07-31 14:52:00;644.7938666666669
2024-07-31 14:53:00;643.6545106382979
2024-07-31 14:54:00;649.4176666666665
2024-07-31 14:55:00;644.6049374999998
2024-07-31 14:56:00;639.889468085106
2024-07-31 14:57:00;642.1458888888887
2024-07-31 14:58:00;644.7601111111112
2024-07-31 14:59:00;635.8413333333334
2024-07-31 15:00:00;641.8192954545453
2024-07-31 15:01:00;641.864177777778
2024-07-31 15:02:00;639.6573953488371
2024-07-31 15:03:00;650.6556666666667
2024-07-31 15:04:00;651.8387608695648
2024-07-31 15:05:00;635.619222222222
2024-07-31 15:06:00;654.4753555555556
2024-07-31 15:07:00;631.8624222222224
2024-07-31 15:08:00;634.7339555555557
2024-07-31 15:09:00;642.6443636363637
2024-07-31 15:10:00;641.4529375000001
2024-07-31 15:11:00;646.0960217391302
2024-07-31 15:12:00;642.7972765957448
2024-07-31 15:13:00;639.3657111111111
2024-07-31 15:14:00;647.395829787234
2024-07-31 15:15:00;650.0271590909092
2024-07-31 15:16:00;643.0787391304348
2024-07-31 15:17:00;644.8210444444444
2024-07-31 15:18:00;648.3979347826084
2024-07-31 15:19:00;648.3969772727273
2024-07-31 15:20:00;651.5123111111112
2024-07-31 15:21:00;646.5866136363634
2024-07-31 15:22:00;647.0363404255321
2024-07-31 15:23:00;650.1904000000002
2024-07-31 15:24:00;647.8691304347826
2024-07-31 15:25:00;641.7779999999998
2024-07-31 15:26:00;642.0443555555557
2024-07-31 15:27:00;634.989791666667
2024-07-31 15:28:00;641.3206086956524
2024-07-31 15:29:00;637.0784130434783
2024-07-31 15:30:00;646.5477021276598
2024-07-31 15:31:00;641.2361956521738
2024-07-31 15:32:00;637.632659574468
2024-07-31 15:33:00;651.6447555555557
2024-07-31 15:34:00;637.8522045454544
2024-07-31 15:35:00;652.0877916666666
2024-07-31 15:36:00;639.8216956521738
2024-07-31 15:37:00;646.4655777777781
2024-07-31 15:38:00;644.9408695652176
2024-07-31 15:39:00;649.9090952380953
2024-07-31 15:40:00;647.6130869565219
2024-07-31 15:41:00;650.0871162790698
2024-07-31 15:42:00;651.1798723404253
2024-07-31 15:43:00;650.0108125000003
2024-07-31 15:44:00;654.8653333333332
2024-07-31 15:45:00;740.5716888888887
2024-07-31 15:46:00;775.1150454545456
2024-07-31 15:47:00;784.6584772727273
2024-07-31 15:48:00;799.7295869565216
2024-07-31 15:49:00;834.7397333333333
2024-07-31 15:50:00;722.4417555555557
2024-07-31 15:51:00;716.6931956521742
2024-07-31 15:52:00;728.471159090909
2024-07-31 15:53:00;728.0273720930236
2024-07-31 15:54:00;713.7450232558139
2024-07-31 15:55:00;723.495543478261
2024-07-31 15:56:00;733.6533617021278
2024-07-31 15:57:00;740.4894090909091
2024-07-31 15:58:00;748.1196521739131
2024-07-31 15:59:00;754.5411914893616
2024-07-31 16:00:00;752.6745652173915
2024-07-31 16:01:00;765.9615652173912
2024-07-31 16:02:00;762.5594000000002
2024-07-31 16:03:00;778.9220204081629
2024-07-31 16:04:00;756.2460769230772
2024-07-31 16:05:00;773.211480769231
2024-07-31 16:06:00;745.8106458333332
2024-07-31 16:07:00;748.5769374999996
2024-07-31 16:08:00;757.3369565217392
2024-07-31 16:09:00;744.948340425532
2024-07-31 16:10:00;745.3526382978723
2024-07-31 16:11:00;722.5590204081631
2024-07-31 16:12:00;749.3568913043476
2024-07-31 16:13:00;732.4033333333332
2024-07-31 16:14:00;734.97293877551
2024-07-31 16:15:00;748.0229607843138
2024-07-31 16:16:00;727.3719803921565
2024-07-31 16:17:00;737.3771923076923
2024-07-31 16:18:00;750.1775600000001
2024-07-31 16:19:00;726.1893000000001
2024-07-31 16:20:00;735.6772040816326
2024-07-31 16:21:00;746.9202916666667
2024-07-31 16:22:00;744.271795918367
2024-07-31 16:23:00;735.8586200000001
2024-07-31 16:24:00;738.04844
2024-07-31 16:25:00;758.0933
2024-07-31 16:26:00;757.4359599999996
2024-07-31 16:27:00;759.2741200000004
2024-07-31 16:28:00;748.5620199999998
2024-07-31 16:29:00;744.8589
2024-07-31 16:30:00;726.8163799999998
2024-07-31 16:31:00;757.1604716981133
2024-07-31 16:32:00;729.9070000000003
2024-07-31 16:33:00;730.1001538461544
2024-07-31 16:34:00;764.3649807692311
2024-07-31 16:35:00;739.163549019608
2024-07-31 16:36:00;744.6771320754717
2024-07-31 16:37:00;734.339039215686
2024-07-31 16:38:00;763.9216800000004
2024-07-31 16:39:00;743.5437735849058
2024-07-31 16:40:00;769.1473846153846
2024-07-31 16:41:00;750.980211538462
2024-07-31 16:42:00;752.646076923077
2024-07-31 16:43:00;758.9398867924531
2024-07-31 16:44:00;744.960568627451
2024-07-31 16:45:00;730.2302549019607
2024-07-31 16:46:00;759.3156792452831
2024-07-31 16:47:00;744.3308653846154
2024-07-31 16:48:00;728.9800196078428
2024-07-31 16:49:00;750.556134615385
2024-07-31 16:50:00;754.3574230769232
2024-07-31 16:51:00;727.0078627450979
2024-07-31 16:52:00;736.6821481481483
2024-07-31 16:53:00;750.2834999999998
2024-07-31 16:54:00;752.3341153846153
2024-07-31 16:55:00;742.7450980392157
2024-07-31 16:56:00;750.8482884615388
2024-07-31 16:57:00;742.115450980392
2024-07-31 16:58:00;724.2768846153848
2024-07-31 16:59:00;765.7906346153844
2024-07-31 17:00:00;768.5278627450983
2024-07-31 17:01:00;741.9450196078436
2024-07-31 17:02:00;747.1530192307691
2024-07-31 17:03:00;742.4734038461537
2024-07-31 17:04:00;762.4861698113206
2024-07-31 17:05:00;765.89226
2024-07-31 17:06:00;757.0706923076922
2024-07-31 17:07:00;759.5060769230772
2024-07-31 17:08:00;753.5720392156862
2024-07-31 17:09:00;752.0555686274513
2024-07-31 17:10:00;765.6653529411764
2024-07-31 17:11:00;740.1167884615384
2024-07-31 17:12:00;726.474
2024-07-31 17:13:00;760.614326530612
2024-07-31 17:14:00;739.3919615384616
2024-07-31 17:15:00;761.5716000000002
2024-07-31 17:16:00;748.9405769230772
2024-07-31 17:17:00;762.3264230769227
2024-07-31 17:18:00;735.3320816326532
2024-07-31 17:19:00;746.3521346153846
2024-07-31 17:20:00;769.9128653846149
2024-07-31 17:21:00;752.1273846153848
2024-07-31 17:22:00;753.816137254902
2024-07-31 17:23:00;731.8270196078436
2024-07-31 17:24:00;745.6135686274511
2024-07-31 17:25:00;747.0155799999999
2024-07-31 17:26:00;749.9900384615383
2024-07-31 17:27:00;753.9018431372554
2024-07-31 17:28:00;741.9792549019609
2024-07-31 17:29:00;732.9843846153848
2024-07-31 17:30:00;744.6369411764707
2024-07-31 17:31:00;741.5867843137254
2024-07-31 17:32:00;723.0785599999998
2024-07-31 17:33:00;751.8293725490197
2024-07-31 17:34:00;738.64878
2024-07-31 17:35:00;734.5557843137259
2024-07-31 17:36:00;762.4428800000003
2024-07-31 17:37:00;737.1915576923077
2024-07-31 17:38:00;751.2392641509439
2024-07-31 17:39:00;748.31125
2024-07-31 17:40:00;759.3298627450981
2024-07-31 17:41:00;737.6484081632652
2024-07-31 17:42:00;756.0161568627447
2024-07-31 17:43:00;741.0481730769233
2024-07-31 17:44:00;758.3235200000001
2024-07-31 17:45:00;740.8088800000002
2024-07-31 17:46:00;736.5898846153842
2024-07-31 17:47:00;755.5427142857143
2024-07-31 17:48:00;740.8319400000001
2024-07-31 17:49:00;736.8094509803922
2024-07-31 17:50:00;752.8673921568629
2024-07-31 17:51:00;762.7723600000002
2024-07-31 17:52:00;754.9973846153844
2024-07-31 17:53:00;756.01868
2024-07-31 17:54:00;744.4600784313725
2024-07-31 17:55:00;742.1949183673466
2024-07-31 17:56:00;745.7057799999995
2024-07-31 17:57:00;751.2931538461538
2024-07-31 17:58:00;756.4680588235295
2024-07-31 17:59:00;756.2478399999999
2024-07-31 18:00:00;740.6931250000002
2024-07-31 18:01:00;751.9331599999999
2024-07-31 18:02:00;740.7162291666665
2024-07-31 18:03:00;758.5450392156861
2024-07-31 18:04:00;741.6600204081634
2024-07-31 18:05:00;732.85344
2024-07-31 18:06:00;739.9451000000001
2024-07-31 18:07:00;752.961274509804
2024-07-31 18:08:00;735.8955200000001
2024-07-31 18:09:00;743.7006530612243
2024-07-31 18:10:00;759.1702978723406
2024-07-31 18:11:00;749.9359607843134
2024-07-31 18:12:00;719.3875799999998
2024-07-31 18:13:00;740.2882222222221
2024-07-31 18:14:00;754.0209777777781
2024-07-31 18:15:00;733.7433043478261
2024-07-31 18:16:00;743.0504285714288
2024-07-31 18:17:00;766.5717916666666
2024-07-31 18:18:00;718.7957674418601
2024-07-31 18:19:00;742.3744000000004
2024-07-31 18:20:00;733.6303
2024-07-31 18:21:00;738.8523958333332
2024-07-31 18:22:00;742.40244
2024-07-31 18:23:00;759.747893617021
2024-07-31 18:24:00;738.443391304348
2024-07-31 18:25:00;752.7460444444445
2024-07-31 18:26:00;774.0250714285718
2024-07-31 18:27:00;735.1009999999998
2024-07-31 18:28:00;753.0741333333333
2024-07-31 18:29:00;719.0557608695651
2024-07-31 18:30:00;736.4010408163264
2024-07-31 18:31:00;738.7215882352943
2024-07-31 18:32:00;750.887693877551
2024-07-31 18:33:00;740.4523958333334
2024-07-31 18:34:00;742.4205000000001
2024-07-31 18:35:00;706.7114666666666
2024-07-31 18:36:00;739.5029999999998
2024-07-31 18:37:00;744.0313469387754
2024-07-31 18:38:00;733.5712040816328
2024-07-31 18:39:00;733.399411764706
2024-07-31 18:40:00;749.4074199999999
2024-07-31 18:41:00;751.7885098039214
2024-07-31 18:42:00;738.8274399999999
2024-07-31 18:43:00;733.7245000000004
2024-07-31 18:44:00;735.8693200000002
2024-07-31 18:45:00;715.2904038461542
2024-07-31 18:46:00;733.2531176470587
2024-07-31 18:47:00;731.4371730769229
2024-07-31 18:48:00;726.6547499999999
2024-07-31 18:49:00;742.3164313725492
2024-07-31 18:50:00;729.0803799999999
2024-07-31 18:51:00;744.1167307692309
2024-07-31 18:52:00;768.625346153846
2024-07-31 18:53:00;745.4040980392158
2024-07-31 18:54:00;736.1045882352942
2024-07-31 18:55:00;746.5173653846152
2024-07-31 18:56:00;735.89518
2024-07-31 18:57:00;742.3985384615388
2024-07-31 18:58:00;729.349230769231
2024-07-31 18:59:00;728.0264999999997
2024-07-31 19:00:00;729.4391555555557
2024-07-31 19:01:00;768.4752200000004
2024-07-31 19:02:00;800.5271428571431
2024-07-31 19:03:00;813.5530980392161
2024-07-31 19:04:00;823.254057692308
2024-07-31 19:05:00;798.879
2024-07-31 19:06:00;788.4108399999999
2024-07-31 19:07:00;817.4241960784316
2024-07-31 19:08:00;816.808431372549
2024-07-31 19:09:00;788.1274423076925
2024-07-31 19:10:00;832.1686730769231
2024-07-31 19:11:00;794.4010784313729
2024-07-31 19:12:00;742.5108599999996
2024-07-31 19:13:00;730.5424423076922
2024-07-31 19:14:00;793.768660377358
2024-07-31 19:15:00;852.6765384615385
2024-07-31 19:16:00;836.6507115384617
2024-07-31 19:17:00;838.1672307692313
2024-07-31 19:18:00;825.0403773584908
2024-07-31 19:19:00;833.0798461538458
2024-07-31 19:20:00;792.8158627450981
2024-07-31 19:21:00;807.6379423076926
2024-07-31 19:22:00;783.6452499999998
2024-07-31 19:23:00;790.1484038461538
2024-07-31 19:24:00;802.3799215686274
2024-07-31 19:25:00;769.5426666666665
2024-07-31 19:26:00;792.2178823529409
2024-07-31 19:27:00;819.1742641509436
2024-07-31 19:28:00;821.3323653846152
2024-07-31 19:29:00;844.9428823529412
2024-07-31 19:30:00;839.1949607843138
2024-07-31 19:31:00;842.3645192307688
2024-07-31 19:32:00;838.0818431372551
2024-07-31 19:33:00;855.0167777777775
2024-07-31 19:34:00;869.6844615384615
2024-07-31 19:35:00;846.6720188679244
2024-07-31 19:36:00;833.8245000000001
2024-07-31 19:37:00;858.1321538461536
2024-07-31 19:38:00;858.6640188679248
2024-07-31 19:39:00;863.2985576923079
2024-07-31 19:40:00;838.2395384615377
2024-07-31 19:41:00;860.0010377358492
2024-07-31 19:42:00;895.1470000000002
2024-07-31 19:43:00;977.9434339622637
2024-07-31 19:44:00;963.8156153846153
2024-07-31 19:45:00;898.088769230769
2024-07-31 19:46:00;868.8593018867927
2024-07-31 19:47:00;899.3132037037035
2024-07-31 19:48:00;864.7453396226413
2024-07-31 19:49:00;834.5863962264149
2024-07-31 19:50:00;828.134037735849
2024-07-31 19:51:00;888.3368039215684
2024-07-31 19:52:00;860.121461538461
2024-07-31 19:53:00;873.5439615384614
2024-07-31 19:54:00;879.0462500000004
2024-07-31 19:55:00;865.2446111111109
2024-07-31 19:56:00;868.3431538461538
2024-07-31 19:57:00;890.8845000000001
2024-07-31 19:58:00;853.2278518518519
2024-07-31 19:59:00;846.1238461538463
2024-07-31 20:00:00;850.7293199999997
2024-07-31 20:01:00;844.8270392156862
2024-07-31 20:02:00;817.4745294117647
2024-07-31 20:03:00;805.8659807692306
2024-07-31 20:04:00;803.6971538461538
2024-07-31 20:05:00;809.4496078431371
2024-07-31 20:06:00;829.1386923076923
2024-07-31 20:07:00;821.124169811321
2024-07-31 20:08:00;817.9109807692307
2024-07-31 20:09:00;816.635907407407
2024-07-31 20:10:00;823.7027169811317
2024-07-31 20:11:00;806.5174807692312
2024-07-31 20:12:00;795.8283773584903
2024-07-31 20:13:00;803.2900784313725
2024-07-31 20:14:00;817.3565849056602
2024-07-31 20:15:00;806.4874423076919
2024-07-31 20:16:00;803.5482777777776
2024-07-31 20:17:00;801.93575
2024-07-31 20:18:00;813.798660377359
2024-07-31 20:19:00;792.5997115384612
2024-07-31 20:20:00;807.8558461538462
2024-07-31 20:21:00;794.763830188679
2024-07-31 20:22:00;807.8240377358491
2024-07-31 20:23:00;814.5385849056602
2024-07-31 20:24:00;814.1767692307695
2024-07-31 20:25:00;813.9633846153843
2024-07-31 20:26:00;812.9840943396225
2024-07-31 20:27:00;797.3308867924524
2024-07-31 20:28:00;783.4171538461543
2024-07-31 20:29:00;784.0922499999995
2024-07-31 20:30:00;819.312924528302
2024-07-31 20:31:00;814.2473269230767
2024-07-31 20:32:00;814.3575
2024-07-31 20:33:00;799.0680384615383
2024-07-31 20:34:00;798.8535849056606
2024-07-31 20:35:00;805.8077307692304
2024-07-31 20:36:00;790.6703269230767
2024-07-31 20:37:00;832.9622307692312
2024-07-31 20:38:00;857.4813269230771
2024-07-31 20:39:00;824.6044528301879
2024-07-31 20:40:00;829.1708039215688
2024-07-31 20:41:00;872.8855384615379
2024-07-31 20:42:00;863.9116037735852
2024-07-31 20:43:00;837.1652641509436
2024-07-31 20:44:00;815.0958235294116
2024-07-31 20:45:00;810.0063076923077
2024-07-31 20:46:00;785.4788490566037
2024-07-31 20:47:00;792.284096153846
2024-07-31 20:48:00;812.737807692308
2024-07-31 20:49:00;829.5016730769232
2024-07-31 20:50:00;797.5566415094338
2024-07-31 20:51:00;822.9485961538466
2024-07-31 20:52:00;786.1260188679245
2024-07-31 20:53:00;814.5104905660377
2024-07-31 20:54:00;819.8970384615391
2024-07-31 20:55:00;830.9591730769226
2024-07-31 20:56:00;825.0715769230769
2024-07-31 20:57:00;818.4638679245281
2024-07-31 20:58:00;818.9447843137253
2024-07-31 20:59:00;844.7251346153839
2024-07-31 21:00:00;835.5645102040818
2024-07-31 21:01:00;911.002346153846
2024-07-31 21:02:00;939.7843137254906
2024-07-31 21:03:00;964.7531346153849
2024-07-31 21:04:00;852.0919245283019
2024-07-31 21:05:00;828.749244897959
2024-07-31 21:06:00;844.4494339622639
2024-07-31 21:07:00;839.7010754716981
2024-07-31 21:08:00;860.6731698113206
2024-07-31 21:09:00;843.4234423076925
2024-07-31 21:10:00;864.9997307692308
2024-07-31 21:11:00;855.9501886792453
2024-07-31 21:12:00;816.8883461538461
2024-07-31 21:13:00;819.2742830188679
2024-07-31 21:14:00;815.9215576923076
2024-07-31 21:15:00;815.4590740740737
2024-07-31 21:16:00;780.5492941176472
2024-07-31 21:17:00;752.1755192307688
2024-07-31 21:18:00;750.7685283018866
2024-07-31 21:19:00;706.8740576923076
2024-07-31 21:20:00;650.3940384615386
2024-07-31 21:21:00;643.4919811320755
2024-07-31 21:22:00;658.8142641509434
2024-07-31 21:23:00;645.5171698113206
2024-07-31 21:24:00;655.2628846153849
2024-07-31 21:25:00;655.8692592592591
2024-07-31 21:26:00;645.593283018868
2024-07-31 21:27:00;656.4525384615386
2024-07-31 21:28:00;650.6171730769227
2024-07-31 21:29:00;650.9238235294118
2024-07-31 21:30:00;645.0146037735847
2024-07-31 21:31:00;648.7400784313728
2024-07-31 21:32:00;678.2551296296294
2024-07-31 21:33:00;705.3301320754719
2024-07-31 21:34:00;708.5932307692306
2024-07-31 21:35:00;707.1236226415093
2024-07-31 21:36:00;709.9934615384616
2024-07-31 21:37:00;705.0962264150944
2024-07-31 21:38:00;705.5517924528302
2024-07-31 21:39:00;705.5029423076924
2024-07-31 21:40:00;710.1356603773582
2024-07-31 21:41:00;788.4358679245285
2024-07-31 21:42:00;874.0570754716979
2024-07-31 21:43:00;866.127634615385
2024-07-31 21:44:00;880.8386415094342
2024-07-31 21:45:00;852.817725490196
2024-07-31 21:46:00;743.3642156862744
2024-07-31 21:47:00;729.480660377359
2024-07-31 21:48:00;736.5142641509437
2024-07-31 21:49:00;730.3653076923081
2024-07-31 21:50:00;709.445603773585
2024-07-31 21:51:00;711.7884038461538
2024-07-31 21:52:00;718.195150943396
2024-07-31 21:53:00;682.7726792452826
2024-07-31 21:54:00;651.4935576923076
2024-07-31 21:55:00;645.5818679245284
2024-07-31 21:56:00;648.4924423076924
2024-07-31 21:57:00;645.467264150944
2024-07-31 21:58:00;647.1277547169811
2024-07-31 21:59:00;652.1274423076925
2024-07-31 22:00:00;649.1730400000001
2024-07-31 22:01:00;644.1094999999998
2024-07-31 22:02:00;645.6649411764711
2024-07-31 22:03:00;645.6925000000003
2024-07-31 22:04:00;647.7415283018865
2024-07-31 22:05:00;647.1769615384617
2024-07-31 22:06:00;644.0431730769228
2024-07-31 22:07:00;643.3320000000002
2024-07-31 22:08:00;640.2909811320754
2024-07-31 22:09:00;638.0434150943394
2024-07-31 22:10:00;645.7265660377358
2024-07-31 22:11:00;642.997826923077
2024-07-31 22:12:00;646.0152115384614
2024-07-31 22:13:00;641.9678846153845
2024-07-31 22:14:00;641.0784629629633
2024-07-31 22:15:00;629.0031538461539
2024-07-31 22:16:00;645.8084528301882
2024-07-31 22:17:00;641.0040000000002
2024-07-31 22:18:00;647.9618269230771
2024-07-31 22:19:00;645.8603518518519
2024-07-31 22:20:00;644.4147735849056
2024-07-31 22:21:00;641.7052884615387
2024-07-31 22:22:00;644.7902264150939
2024-07-31 22:23:00;639.1989814814812
2024-07-31 22:24:00;637.597113207547
2024-07-31 22:25:00;644.3327358490569
2024-07-31 22:26:00;638.2261698113208
2024-07-31 22:27:00;650.8127358490569
2024-07-31 22:28:00;656.3683921568626
2024-07-31 22:29:00;649.675433962264
2024-07-31 22:30:00;646.2960000000002
2024-07-31 22:31:00;642.0406037735848
2024-07-31 22:32:00;638.9321509433963
2024-07-31 22:33:00;642.8283846153844
2024-07-31 22:34:00;640.3787115384616
2024-07-31 22:35:00;651.4592452830185
2024-07-31 22:36:00;641.4045283018867
2024-07-31 22:37:00;645.4182075471701
2024-07-31 22:38:00;642.4392962962964
2024-07-31 22:39:00;644.5414528301889
2024-07-31 22:40:00;647.270923076923
2024-07-31 22:41:00;643.2790754716984
2024-07-31 22:42:00;645.3787735849053
2024-07-31 22:43:00;649.1153018867925
2024-07-31 22:44:00;641.2632115384615
2024-07-31 22:45:00;602.0830754716982
2024-07-31 22:46:00;602.5969622641512
2024-07-31 22:47:00;602.4141132075473
2024-07-31 22:48:00;609.020396226415
2024-07-31 22:49:00;596.6658301886787
2024-07-31 22:50:00;603.3913962264154
2024-07-31 22:51:00;593.923961538462
2024-07-31 22:52:00;585.9955925925927
2024-07-31 22:53:00;601.6609622641505
2024-07-31 22:54:00;603.865740740741
2024-07-31 22:55:00;609.3696730769229
2024-07-31 22:56:00;605.5298301886792
2024-07-31 22:57:00;602.6480740740741
2024-07-31 22:58:00;589.9253076923077
2024-07-31 22:59:00;591.6880185185184
2024-07-31 23:00:00;598.92024
2024-07-31 23:01:00;596.4802156862744
2024-07-31 23:02:00;597.6079245283019
2024-07-31 23:03:00;598.6649615384615
2024-07-31 23:04:00;601.9113584905659
2024-07-31 23:05:00;606.8365283018865
2024-07-31 23:06:00;599.8964528301887
2024-07-31 23:07:00;601.4464259259258
2024-07-31 23:08:00;606.0299615384614
2024-07-31 23:09:00;600.1842407407407
2024-07-31 23:10:00;591.902519230769
2024-07-31 23:11:00;603.236245283019
2024-07-31 23:12:00;594.4834150943396
2024-07-31 23:13:00;607.3310555555555
2024-07-31 23:14:00;601.2936296296295
2024-07-31 23:15:00;603.137566037736
2024-07-31 23:16:00;601.243425925926
2024-07-31 23:17:00;599.4196981132076
2024-07-31 23:18:00;603.1320377358492
2024-07-31 23:19:00;594.6176792452833
2024-07-31 23:20:00;598.7778113207545
2024-07-31 23:21:00;595.1381886792452
2024-07-31 23:22:00;604.7438490566037
2024-07-31 23:23:00;595.5362884615383
2024-07-31 23:24:00;604.2445384615384
2024-07-31 23:25:00;600.3064074074074
2024-07-31 23:26:00;608.5595000000004
2024-07-31 23:27:00;592.8624259259262
2024-07-31 23:28:00;598.5142307692306
2024-07-31 23:29:00;597.2971153846152
2024-07-31 23:30:00;593.978075471698
2024-07-31 23:31:00;596.7670566037738
2024-07-31 23:32:00;596.1832115384615
2024-07-31 23:33:00;595.8381296296295
2024-07-31 23:34:00;593.4098653846156
2024-07-31 23:35:00;591.2773333333333
2024-07-31 23:36:00;603.1719999999998
2024-07-31 23:37:00;597.1517924528301
2024-07-31 23:38:00;604.0017592592593
2024-07-31 23:39:00;597.9418490566042
2024-07-31 23:40:00;605.5402830188679
2024-07-31 23:41:00;592.8540377358487
2024-07-31 23:42:00;603.2742452830189
2024-07-31 23:43:00;595.4882777777781
2024-07-31 23:44:00;598.2514814814813
2024-07-31 23:45:00;597.7376923076927
2024-07-31 23:46:00;603.062283018868
2024-07-31 23:47:00;596.177666666666
2024-07-31 23:48:00;602.9821886792452
2024-07-31 23:49:00;597.0919056603775
2024-07-31 23:50:00;599.2893461538462
2024-07-31 23:51:00;593.8665740740742
2024-07-31 23:52:00;609.3588653846157
2024-07-31 23:53:00;598.213777777778
2024-07-31 23:54:00;599.5469411764709
2024-07-31 23:55:00;596.66620754717
2024-07-31 23:56:00;601.2324905660375
2024-07-31 23:57:00;594.0318703703701
2024-07-31 23:58:00;602.847679245283